-- phpMyAdmin SQL Dump
-- version 5.0.4
-- https://www.phpmyadmin.net/
--
-- Máy chủ: 127.0.0.1
-- Thời gian đã tạo: Th5 15, 2021 lúc 04:34 PM
-- Phiên bản máy phục vụ: 10.4.17-MariaDB
-- Phiên bản PHP: 8.0.2

SET SQL_MODE = "NO_AUTO_VALUE_ON_ZERO";
START TRANSACTION;
SET time_zone = "+00:00";


/*!40101 SET @OLD_CHARACTER_SET_CLIENT=@@CHARACTER_SET_CLIENT */;
/*!40101 SET @OLD_CHARACTER_SET_RESULTS=@@CHARACTER_SET_RESULTS */;
/*!40101 SET @OLD_COLLATION_CONNECTION=@@COLLATION_CONNECTION */;
/*!40101 SET NAMES utf8mb4 */;

--
-- Cơ sở dữ liệu: `database`
--
CREATE DATABASE IF NOT EXISTS `database` DEFAULT CHARACTER SET utf8mb4 COLLATE utf8mb4_unicode_ci;
USE `database`;

-- --------------------------------------------------------

--
-- Cấu trúc bảng cho bảng `tbl_admin`
--

CREATE TABLE `tbl_admin` (
  `admin_stt` int(11) NOT NULL,
  `username` varchar(100) NOT NULL,
  `pass` varchar(100) NOT NULL
) ENGINE=InnoDB DEFAULT CHARSET=utf8mb4;

--
-- Đang đổ dữ liệu cho bảng `tbl_admin`
--

INSERT INTO `tbl_admin` (`admin_stt`, `username`, `pass`) VALUES
(1, 'admin', 'e10adc3949ba59abbe56e057f20f883e'),
(2, 'admin@gmail.com', 'e10adc3949ba59abbe56e057f20f883e');

-- --------------------------------------------------------

--
-- Cấu trúc bảng cho bảng `tbl_baiviet`
--

CREATE TABLE `tbl_baiviet` (
  `email` varchar(100) NOT NULL,
  `rating` int(11) NOT NULL,
  `comment` text NOT NULL,
  `ten_sanpham` varchar(100) NOT NULL
) ENGINE=InnoDB DEFAULT CHARSET=utf8mb4;

--
-- Đang đổ dữ liệu cho bảng `tbl_baiviet`
--

INSERT INTO `tbl_baiviet` (`email`, `rating`, `comment`, `ten_sanpham`) VALUES
('', 5, 'đẹp quá', 'Garena Liên Quân Mobile'),
('yuqi@gmail.com', 5, 'tuyệt', 'Brain Out – Game hack não'),
('yuqi@gmail.com', 5, 'amazing gút chóp bro ', 'Car Run Racing'),
('yuqi@gmail.com', 1, 'gà', 'Garena Liên Quân Mobile'),
('yuqi@gmail.com', 3, 'bình thường', 'Garena Liên Quân Mobile'),
('yuqi@gmail.com', 5, 'đẹp quá', 'Garena Liên Quân Mobile'),
('yuqi@gmail.com', 4, 'tuyệt', 'Garena Liên Quân Mobile'),
('yuqi@gmail.com', 5, 'amazing gút chóp bro ', 'Garena Liên Quân Mobile'),
('yuqi@gmail.com', 5, 'amazing gút chóp bro ', 'Garena Liên Quân Mobile'),
('yuqi@gmail.com', 5, 'amazing gút chóp bro ', 'Garena Liên Quân Mobile'),
('yuqi@gmail.com', 5, 'đẹp quá', 'Among Us'),
('yuqi@gmail.com', 5, 'amazing gút chóp bro ', 'Among Us'),
('yuqi@gmail.com', 3, 'kd xinh quá ', 'Among Us'),
('yuqi@gmail.com', 3, 'tuyệt', 'Among Us'),
('yuqi@gmail.com', 2, 'gà', 'Among Us'),
('ryujin@gmail.com', 5, 'tuyệt', 'Among Us'),
('ryujin@gmail.com', 5, 'đẹp quá', 'Garena Liên Quân Mobile'),
('ryujin@gmail.com', 5, 'amazing gút chóp bro ', 'Garena Liên Quân Mobile'),
('ryujin@gmail.com', 5, 'amazing gút chóp bro ', 'Garena Liên Quân Mobile'),
('ryujin@gmail.com', 5, 'amazing gút chóp bro ', 'Garena Liên Quân Mobile'),
('ryujin@gmail.com', 5, 'amazing gút chóp bro ', 'Garena Liên Quân Mobile'),
('ryujin@gmail.com', 5, 'amazing gút chóp bro ', 'Minecraft'),
('ryujin@gmail.com', 5, 'đẹp quá', '2048'),
('ryujin@gmail.com', 5, 'đẹp quá', '2048'),
('ryujin@gmail.com', 5, 'đẹp quá', '2048'),
('ryujin@gmail.com', 5, 'đẹp quá', '2048'),
('ryujin@gmail.com', 5, 'amazing gút chóp bro ', 'Wood Block Puzzle'),
('ryujin@gmail.com', 4, 'amazing gút chóp bro ', 'Wood Block Puzzle'),
('ryujin@gmail.com', 4, 'amazing gút chóp bro ', 'Wood Block Puzzle'),
('ryujin@gmail.com', 4, 'amazing gút chóp bro ', 'Wood Block Puzzle'),
('ryujin@gmail.com', 4, 'amazing gút chóp bro ', 'Wood Block Puzzle'),
('ryujin@gmail.com', 1, 'gà', '2048'),
('ryujin@gmail.com', 3, 'gà', '2048'),
('ryujin@gmail.com', 2, 'dsfdsfs', '2048'),
('ryujin@gmail.com', 2, 'dsfdsfs', '2048'),
('ryujin@gmail.com', 5, 'amazing gút chóp bro ', '2048'),
('ryujin@gmail.com', 5, 'amazing gút chóp bro ', '2048'),
('ryujin@gmail.com', 5, 'amazing gút chóp bro ', '2048'),
('ryujin@gmail.com', 5, 'amazing gút chóp bro ', '2048'),
('ryujin@gmail.com', 5, 'amazing gút chóp bro ', '2048'),
('ryujin@gmail.com', 5, 'amazing gút chóp bro ', '2048'),
('ryujin@gmail.com', 5, 'amazing gút chóp bro ', '2048'),
('ryujin@gmail.com', 5, 'amazing gút chóp bro ', '2048'),
('ryujin@gmail.com', 5, 'amazing gút chóp bro ', '2048'),
('ryujin@gmail.com', 5, 'amazing gút chóp bro ', '2048'),
('ryujin@gmail.com', 3, 'tuyệt', '2048'),
('ryujin@gmail.com', 3, 'tuyệt', '2048'),
('ryujin@gmail.com', 5, 'dfsdfsdfs', '2048'),
('ryujin@gmail.com', 5, 'dfsdfsdfs', '2048'),
('ryujin@gmail.com', 5, 'dfsdfsdfs', '2048'),
('ryujin@gmail.com', 5, 'fsfsdfds', '2048'),
('ryujin@gmail.com', 5, 'fsfsdfds', '2048'),
('ryujin@gmail.com', 5, 'amazing gút chóp bro ', 'Messenger'),
('ryujin@gmail.com', 4, 'amazing gút chóp bro ', 'Messenger'),
('ryujin@gmail.com', 4, 'dádfdsg', 'Messenger'),
('ryujin@gmail.com', 5, 'amazing gút chóp bro ', 'Hill Climb Racing'),
('ryujin@gmail.com', 4, 'fdsfsdfs', '2048'),
('ryujin@gmail.com', 5, 'tuyệt', 'Sudoku'),
('ryujin@gmail.com', 4, 'quaooo', 'Math | Riddles and Puzzles Maths Games'),
('ryujin@gmail.com', 4, 'quaooo', 'Math | Riddles and Puzzles Maths Games'),
('yuqi@gmail.com', 1, 'gà', 'Brain Out – Game hack não'),
('yuqi@gmail.com', 4, 'amazing gút chóp bro ', 'Brain Out – Game hack não');

-- --------------------------------------------------------

--
-- Cấu trúc bảng cho bảng `tbl_dangky`
--

CREATE TABLE `tbl_dangky` (
  `ten_dangky` varchar(200) NOT NULL,
  `email` varchar(100) NOT NULL,
  `matkhau` varchar(100) NOT NULL,
  `gioitinh` varchar(10) NOT NULL,
  `diachi` varchar(100) NOT NULL,
  `dienthoai` varchar(20) NOT NULL,
  `sotien` int(11) NOT NULL
) ENGINE=MyISAM DEFAULT CHARSET=utf8mb4;

--
-- Đang đổ dữ liệu cho bảng `tbl_dangky`
--

INSERT INTO `tbl_dangky` (`ten_dangky`, `email`, `matkhau`, `gioitinh`, `diachi`, `dienthoai`, `sotien`) VALUES
('Song Yuqi', 'yuqi@gmail.com', '123456', 'Nữ', 'Hồ Chí Minh', '0373299750', 50000),
('Shin Ryujin', 'ryujin@gmail.com', '123456', 'Nữ', 'Korean', '0909503430', 0),
('kyduyen', 'caonguyenkyduyen17@gmail.com', '123456', 'Nữ', 'Hồ Chí Minh', '123456', 0),
('kyduyen123', 'kyduyen@gmail.com', '123456', 'Nữ', 'Hồ Chí Minh', '123456', 40000),
('Choi Jisu', 'jisoo@gmail.com', '123456', 'Nữ', 'Korean', '033515488', 0),
('Song Minho', 'songminho@gmail.com', '123456', 'Nam', 'Hồ Chí Minh', '13214898', 0),
('ha thao', 'hathao@gmail.com', '123456', 'Nữ', 'q7', '096156448855', 0);

-- --------------------------------------------------------

--
-- Cấu trúc bảng cho bảng `tbl_danhmuc`
--

CREATE TABLE `tbl_danhmuc` (
  `ten_danhmuc` varchar(100) NOT NULL,
  `thutu` int(11) NOT NULL
) ENGINE=MyISAM DEFAULT CHARSET=utf8mb4;

--
-- Đang đổ dữ liệu cho bảng `tbl_danhmuc`
--

INSERT INTO `tbl_danhmuc` (`ten_danhmuc`, `thutu`) VALUES
('Game hành động ', 1),
('Social', 2),
('Câu Đố', 3),
('Đua Xe', 4),
('Comics', 5),
('Cards', 6),
('Giáo Dục', 7),
('Sport', 8),
('Beauty', 9);

-- --------------------------------------------------------

--
-- Cấu trúc bảng cho bảng `tbl_donhang`
--

CREATE TABLE `tbl_donhang` (
  `thutu_ungdung` int(11) NOT NULL,
  `ten_nguoidung` varchar(100) COLLATE utf8mb4_unicode_ci NOT NULL,
  `ten_sanpham` varchar(100) COLLATE utf8mb4_unicode_ci NOT NULL,
  `ma_donhang` varchar(100) COLLATE utf8mb4_unicode_ci NOT NULL
) ENGINE=InnoDB DEFAULT CHARSET=utf8mb4 COLLATE=utf8mb4_unicode_ci;

-- --------------------------------------------------------

--
-- Cấu trúc bảng cho bảng `tbl_download`
--

CREATE TABLE `tbl_download` (
  `email` varchar(100) COLLATE utf8mb4_unicode_ci NOT NULL,
  `ten_sanpham` varchar(100) COLLATE utf8mb4_unicode_ci NOT NULL,
  `download` int(11) NOT NULL
) ENGINE=MyISAM DEFAULT CHARSET=utf8mb4 COLLATE=utf8mb4_unicode_ci;

--
-- Đang đổ dữ liệu cho bảng `tbl_download`
--

INSERT INTO `tbl_download` (`email`, `ten_sanpham`, `download`) VALUES
('ryujin@gmail.com', 'Garena Liên Quân Mobile', 1),
('ryujin@gmail.com', 'Zalo – Chia sẽ yêu thương', 1),
('ryujin@gmail.com', 'Messenger', 1),
('ryujin@gmail.com', 'Messenger', 1),
('ryujin@gmail.com', 'Comico - Đọc Truyện Tranh', 1),
('ryujin@gmail.com', 'Comico - Đọc Truyện Tranh', 1),
('ryujin@gmail.com', 'Comico - Đọc Truyện Tranh', 1),
('ryujin@gmail.com', 'Comico - Đọc Truyện Tranh', 1),
('ryujin@gmail.com', 'Comico - Đọc Truyện Tranh', 1),
('ryujin@gmail.com', 'Asphalt 8 Racing Game - Drive, Drift at Real Speed', 1),
('ryujin@gmail.com', 'Asphalt 8 Racing Game - Drive, Drift at Real Speed', 1),
('ryujin@gmail.com', 'Asphalt 8 Racing Game - Drive, Drift at Real Speed', 1),
('ryujin@gmail.com', 'Babilala: English For Kids', 1),
('ryujin@gmail.com', 'Babilala: English For Kids', 1),
('ryujin@gmail.com', 'Babilala: English For Kids', 1),
('ryujin@gmail.com', 'Monster Dinosaur Rampage', 1),
('ryujin@gmail.com', 'Monster Dinosaur Rampage', 1),
('ryujin@gmail.com', 'Monster Dinosaur Rampage', 1),
('ryujin@gmail.com', 'Monster Dinosaur Rampage', 1),
('ryujin@gmail.com', 'Monster Dinosaur Rampage', 1),
('ryujin@gmail.com', 'Garena Liên Quân Mobile', 1),
('ryujin@gmail.com', 'Garena Liên Quân Mobile', 1),
('ryujin@gmail.com', 'Garena Liên Quân Mobile', 1),
('ryujin@gmail.com', 'Garena Liên Quân Mobile', 1),
('ryujin@gmail.com', 'Hill Climb Racing', 1),
('ryujin@gmail.com', 'Hill Climb Racing', 1),
('ryujin@gmail.com', 'Hill Climb Racing', 1),
('ryujin@gmail.com', 'Hill Climb Racing', 1),
('ryujin@gmail.com', 'Hill Climb Racing', 1),
('ryujin@gmail.com', 'Brain Out – Game hack não', 1),
('ryujin@gmail.com', 'Brain Out – Game hack não', 1),
('ryujin@gmail.com', 'Brain Out – Game hack não', 1),
('ryujin@gmail.com', 'Brain Out – Game hack não', 1),
('ryujin@gmail.com', 'Brain Out – Game hack não', 1),
('ryujin@gmail.com', '2048', 1),
('ryujin@gmail.com', '2048', 1),
('ryujin@gmail.com', '2048', 1),
('ryujin@gmail.com', '2048', 1),
('ryujin@gmail.com', '2048', 1),
('ryujin@gmail.com', '2048', 1);

-- --------------------------------------------------------

--
-- Cấu trúc bảng cho bảng `tbl_giohang`
--

CREATE TABLE `tbl_giohang` (
  `ten_khachhang` varchar(100) COLLATE utf8mb4_unicode_ci NOT NULL,
  `ten_sanpham` varchar(100) COLLATE utf8mb4_unicode_ci NOT NULL,
  `ma_donhang` varchar(100) COLLATE utf8mb4_unicode_ci NOT NULL
) ENGINE=MyISAM DEFAULT CHARSET=utf8mb4 COLLATE=utf8mb4_unicode_ci;

-- --------------------------------------------------------

--
-- Cấu trúc bảng cho bảng `tbl_naptien`
--

CREATE TABLE `tbl_naptien` (
  `email` varchar(100) COLLATE utf8mb4_unicode_ci NOT NULL,
  `sotien` int(11) NOT NULL
) ENGINE=MyISAM DEFAULT CHARSET=utf8mb4 COLLATE=utf8mb4_unicode_ci;

--
-- Đang đổ dữ liệu cho bảng `tbl_naptien`
--

INSERT INTO `tbl_naptien` (`email`, `sotien`) VALUES
('kyduyen@gmail.com', 0),
('kyduyen@gmail.com', 0),
('kyduyen@gmail.com', 30000),
('ryujin@gmail.com', 100000),
('ryujin@gmail.com', 100000),
('kyduyen@gmail.com', 10000),
('kyduyen@gmail.com', 10000);

-- --------------------------------------------------------

--
-- Cấu trúc bảng cho bảng `tbl_nhaphattrien`
--

CREATE TABLE `tbl_nhaphattrien` (
  `thutu` int(11) NOT NULL,
  `ten_nhaphattrien` varchar(100) NOT NULL
) ENGINE=MyISAM DEFAULT CHARSET=utf8mb4;

--
-- Đang đổ dữ liệu cho bảng `tbl_nhaphattrien`
--

INSERT INTO `tbl_nhaphattrien` (`thutu`, `ten_nhaphattrien`) VALUES
(1, 'Easybrain'),
(2, 'Beetles Games Studio'),
(3, 'Black Games'),
(4, ' Focus Apps'),
(5, 'Solebon LLC'),
(6, 'Azura Global'),
(7, 'Mobirix'),
(8, 'OpenMyGame'),
(9, 'Leo De Sol Games'),
(10, 'Big Duck Games LLC'),
(11, 'Fingersoft'),
(12, 'Gameloft SE'),
(13, 'Refuel Games Pty Ltd'),
(14, 'Ace Viral'),
(15, 'Soner Kara'),
(16, 'KAYAC Inc'),
(17, 'MehdiRabiee'),
(18, 'GameSoft Inc'),
(19, 'Good Job Games'),
(20, 'Not Doppler'),
(21, 'Garena Mobile Private'),
(22, 'Mojang'),
(23, 'VNG Game Publishing'),
(24, 'Innersloth LLC'),
(25, 'SQUARE ENIX LTD'),
(26, 'DreamSky'),
(27, 'Halfbrick Studios'),
(28, 'Alda Games'),
(29, 'Hyperkain'),
(30, 'Zalo Group'),
(31, 'Facebook'),
(32, 'Discord Inc'),
(33, 'Instagram'),
(34, 'Twitter'),
(35, 'ZENLY'),
(36, 'BIGO TECHNOLOGY PTE'),
(37, 'Hago Games'),
(38, 'Tinder'),
(39, 'MangaToon'),
(40, 'COMICOSVC VIETNAM COMPANY LIMITED'),
(41, 'TechLab Corp'),
(42, 'vnmedia.lab'),
(43, '3 Idiots Game Studio'),
(44, 'WEBTOON ENTERTAINMENT'),
(45, 'Truyện Tranh'),
(46, 'The Secret Team'),
(47, 'Comicola'),
(48, 'TruyenCuaTui'),
(49, 'iDream Game Studio'),
(50, 'Mattel163 Limited'),
(51, 'Ace Poker Game Studio'),
(52, 'Chinacit.com'),
(53, 'NetFun'),
(54, 'Công ty cổ phần VNG'),
(55, 'Fabled Game'),
(56, 'ZBJoy Games'),
(57, 'Blizzard Entertainment, Inc'),
(58, 'Dunnu.Koren Studio'),
(59, 'EDUPIA'),
(60, 'Talent Education Inc'),
(61, 'Studynow'),
(62, 'VietJack'),
(63, 'ChineseSkill'),
(64, 'Tflat Group'),
(65, 'Cake Corp'),
(66, 'Doulingo'),
(67, 'HỌC TỐT'),
(68, 'Bini Bambini'),
(69, 'ELECTRONIC ARTS'),
(70, 'Nautilus Mobile'),
(71, 'Miniclip.com'),
(72, '2k, Inc'),
(73, 'Frist Touch Game Ltd'),
(74, 'Com2uS'),
(75, 'GR Sports'),
(76, 'True Axis'),
(77, '9M Interactive'),
(78, 'ZAMFACE'),
(79, 'Beauty Perfect'),
(80, 'PicsArt'),
(81, 'SNOW, Inc'),
(82, 'PlayStudioInc'),
(83, 'SmallUniverse Apps'),
(84, 'Mento App Ltd'),
(85, 'Nisi Jsc'),
(86, 'Best Photo Apps');

-- --------------------------------------------------------

--
-- Cấu trúc bảng cho bảng `tbl_quanly`
--

CREATE TABLE `tbl_quanly` (
  `ten_khachhang` varchar(100) COLLATE utf8mb4_unicode_ci NOT NULL,
  `email` varchar(100) COLLATE utf8mb4_unicode_ci NOT NULL,
  `sotien` int(11) NOT NULL
) ENGINE=InnoDB DEFAULT CHARSET=utf8mb4 COLLATE=utf8mb4_unicode_ci;

-- --------------------------------------------------------

--
-- Cấu trúc bảng cho bảng `tbl_sanpham`
--

CREATE TABLE `tbl_sanpham` (
  `thutu` int(11) NOT NULL,
  `ten_sanpham` varchar(250) NOT NULL,
  `ma_sanpham` varchar(100) NOT NULL,
  `gia_sanpham` varchar(50) NOT NULL,
  `hinhanh` varchar(100) NOT NULL,
  `hinh_1` varchar(100) NOT NULL,
  `hinh_2` varchar(100) NOT NULL,
  `hinh_3` varchar(100) NOT NULL,
  `mota` text NOT NULL,
  `thongtin` text NOT NULL,
  `danhmuc` int(11) NOT NULL,
  `nhaphattrien` int(11) NOT NULL,
  `download` text NOT NULL
) ENGINE=MyISAM DEFAULT CHARSET=utf8mb4;

--
-- Đang đổ dữ liệu cho bảng `tbl_sanpham`
--

INSERT INTO `tbl_sanpham` (`thutu`, `ten_sanpham`, `ma_sanpham`, `gia_sanpham`, `hinhanh`, `hinh_1`, `hinh_2`, `hinh_3`, `mota`, `thongtin`, `danhmuc`, `nhaphattrien`, `download`) VALUES
(1, 'Sudoku', '001', '20000', '1619705993_SudokuICON.jpg', '1619705993_Sudoku1.jpg', '1619705993_Sudoku2.jpg', '1619705993_Sudoku3.jpg', '  - Giải sudoku hằng ngày, rèn luyện trí não của bạn và vui chơi! Hàng ngàn trò chơi số miễn phí để khám phá. Cài đặt để bắt đầu ngay bây giờ!\r\n\r\n- Sudoku cổ điển cho người mới bắt đầu và người chơi nâng cao. Cho dù bạn muốn thư giản hay giữ tâm trí hoạt động - hãy vượt qua thời gian một cách dễ chịu với trò chơi giải đố miễn phí sudoku! Nghỉ ngơi một chút kích thích hoặc giải tỏa đầu óc! Mang theo trò chơi đếm số yêu thích của bạn mọi lúc mọi nơi. Sudoku có sẵn ngoại tuyến. Chơi câu đố số miễn phí này trên thiết bị di động cũng tốt như với bút chì và giấy thật.\r\n\r\n- Sudoku.com có hơn 10000 trò chơi số cổ điển và có sáu cấp độ khó: nhanh, dễ, trung bình, khó, chuyên gia và khổng lồ! Chơi sudoku dễ để rèn luyện trí não, tư duy logic và trí nhớ của bạn, hoặc chơi sudoku vừa và khó để rèn luyện trí óc thực sự.\r\n- \r\n- Trò chơi giải đố sudoku của chúng tôi có một số tính năng giúp giải đố số miễn phí này dễ dàng hơn cho bạn: gợi ý, tự động kiểm tra và đánh dấu các bản sao. Hơn nữa, trong ứng dụng của chúng tôi, mỗi trò chơi giải đố sudoku cổ điển có một giải pháp. Bạn sẽ tìm thấy tất cả những gì bạn cần cho dù bạn đang giải câu đố bí ẩn số đầu tiên của mình, hay bạn đã tiến đến độ khó của chuyên gia. Chọn bất kỳ cấp độ nào bạn thích!\r\n- \r\n- Đặc trưng:\r\n- \r\n-✓ Hoàn thành các Thử thách Sudoku hàng ngày để nhận được những danh hiệu độc đáo\r\n- ✓ Tham gia các Sự kiện theo mùa và giành được các huy chương độc đáo\r\n-✓ Thách thức bản thân để tìm ra lỗi của bạn hoặc bật Tự động kiểm tra để xem lỗi của bạn khi bạn thực hiện\r\n-✓ Bật Ghi chú ✍ để ghi chú như trên giấy. Mỗi khi bạn điền vào một ô, các ghi chú sẽ tự động được cập nhật!\r\n-  ✓ Đánh dấu các bản sao để trình lặp lại các số trong một hàng, cột và khối\r\n- ✓ Các gợi ý có thể hướng dẫn bạn qua các điểm khi bạn gặp khó khăn\r\n- \r\n- Các tính năng khác:\r\n-  \r\n- - Số liệu thống kê. Theo dõi tiến trình của bạn cho từng cấp độ khó: phân tích thời gian tốt nhất của bạn và các thành tích khác\r\n- - Undos không giới hạn. Mắc lỗi? Hoặc vô tình có những con số giống nhau khớp liên tiếp trong khi giải quyết một trò chơi trí tuệ? Chỉ cần đặt nó trở lại một cách nhanh chóng!\r\n-  - Chủ đề màu sắc. Chọn một trong ba lần xuất hiện để thiết kế vương quốc sudoku của riêng bạn! Chơi các trò chơi số vui nhộn này với sự thoải mái hơn, ngay cả trong bóng tối!\r\n- - Tự động lưu. Nếu bạn để lại một trò chơi với những con số chưa hoàn thành, nó sẽ được lưu lại. Tiếp tục chơi bất cứ lúc nào\r\n-  - Đánh dấu một hàng, cột và hộp liên quan đến ô đã chọn\r\n-  - Cục gôm. Loại bỏ những sai lầm trong các trò chơi số miễn ph?\r\n-  \r\n- Điểm nổi bật:\r\n-  \r\n- • Hơn 10000 trò chơi sudoku cổ điển được hình thành tốt với các con số\r\n- • Lưới 9x9\r\n- • 6 mức độ khó hoàn toàn cân bằng. Trò chơi giải đố miễn phí với các con số này phù hợp cho cả người mới bắt đầu chơi sudoku và người chơi sudoku ác độc nâng cao! Chơi các cấp độ nhanh, dễ và trung bình để rèn luyện trí não của bạn. Chọn sudoku khi để cải thiện kỹ năng của bạn và thử câu đố của chuyên gia hoặc người khổng lồ với những con số cho những thử thách xấu xa.\r\n-  • Hỗ trợ cả điện thoại và máy tính bảng\r\n-  • Chế độ dọc và ngang cho máy tính bảng\r\n-  • Thiết kế đơn giản và trực quan\r\n- \r\n- Sudoku hàng ngày là cách tốt nhất để bắt đầu ngày mới của bạn! 1 hoặc 2 câu đố sudoku kinh điển sẽ giúp bạn tỉnh táo, hoạt động trí não và giúp bạn sẵn sàng cho một ngày làm việc hiệu quả. Tải xuống trò chơi số cổ điển này và chơi các câu đố sudoku miễn phí ngoại tuyến.', '  - Nếu bạn là một người giải sudoku xuất sắc, chào mừng bạn đến với vương quốc sudoku của chúng tôi! Tại đây, bạn có thể dành thời gian rảnh rỗi để giữ cho đầu óc nhạy bén với những lời trêu ghẹo não số cổ điển. Thực hành trò chơi thường xuyên sẽ giúp bạn trở thành một cao thủ sudoku thực sự, người nhanh chóng giải quyết ngay cả những câu đố web khó nhất trong thời gian ngắn.\r\n-  \r\n- Thách thức bộ não của bạn mọi lúc, mọi nơi!\r\n', 3, 1, '1619705993_Sudoku.zip'),
(2, 'Wood Block Puzzle', '002', '30000', '1619763983_WoodBlockPuzzleICON.png', '1619763983_WoodBlockPuzzl1.jpg', '1619763983_WoodBlockPuzzl2.jpg', '1619763983_WoodBlockPuzzle3.jpg', '  -  Wood Block Puzzle - Trò chơi xếp hình khối cổ điển miễn phí, còn có tên là Qblock là một trò chơi xếp hình khối bằng gỗ theo phong cách cổ điển gây nghiện. Qblock thách thức bạn xếp các khối có hình dạng khác nhau vào một lưới 10 x 10. Wood Block Puzzle (Qblock) là một trò chơi loại bỏ cổ điển thực sự, không giới hạn thời gian và hoàn toàn miễn phí. Chơi Xếp hình khối gỗ - Trò chơi Xếp hình khối cổ điển miễn phí (Qblock) hằng ngày, tìm chế độ kết hợp hoàn toàn mới trong trò chơi xếp hình khối cổ điển này.\r\n- \r\n- Cách chơi Xếp hình khối gỗ - Trò chơi xếp hình khối cổ điển miễn phí (Qblock):\r\n- ✓ Kéo và thả các khối vào lưới 10 x 10\r\n-  ✓Điền các khối bằng một hàng hoặc cột để loại bỏ chúng\r\n-  ✓Trò chơi sẽ kết thúc nếu không còn chỗ trên bảng cho các khối đã cho\r\n- ✓Không thể xoay các khối\r\n-  ✓Điểm thưởng cho mỗi bước và mỗi hàng hoặc cột khối bạn đã loại bỏ\r\n-  ✓Nhận được nhiều điểm nhất có thể để trở thành người nghiền khối giỏi nhất tại Wood Block Puzzle - Trò chơi Xếp khối Cổ điển Miễn phí!\r\n-  \r\n- Tính năng của Xếp hình khối gỗ - Trò chơi xếp hình khối cổ điển miễn phí (Qblock):\r\n- ✓ Hoàn toàn miễn phí để chơi\r\n-  ✓Thực sự tận hưởng niềm vui của trò chơi giải đố: KHÔNG cần wifi\r\n-  ✓Môi trường trò chơi tinh khiết: KHÔNG giới hạn thời gian\r\n-  ✓Đăng nhập kinh điển: Cung cấp lưới để đặt một khối tạm thời không mong muốn\r\n-  ✓Brand Chế độ kết hợp mới: kết hợp 4 lần trở lên sẽ gây ra một vòng lắc\r\n- ✓Hiệu ứng âm thanh trò chơi nhanh\r\n- ✓Nhanh chóng để hiểu các quy tắc, dễ dàng kiểm soát\r\n- ✓Giao diện tinh tế: phong cách gỗ giúp bạn gần gũi với thiên nhiên.\r\n- ✓Cập nhật liên tục các hình dạng khối khác nhau, cổ điển và đầy thử thách\r\n- ✓Đơn giản và gây nghiện!\r\n-  ✓Hỗ trợ ghi điểm trò chơi, hỗ trợ xếp hạng bạn bè, hãy đến và tìm thêm các dịch vụ của chúng tôi tại Xếp hình khối gỗ - Trò chơi xếp hình khối cổ điển miễn phí!\r\n', '  -  Wood Block Puzzle - Trò chơi xếp hình khối cổ điển miễn phí (Qblock) cũng cung cấp:\r\n-  ✓Wood Block Puzzle - Trò chơi xếp hình khối cổ điển miễn phí hay còn có tên là Qblock là một trò chơi cổ điển đơn giản nhưng đầy thử thách. Qblock có các kỹ năng logic và chiến lược sắp xếp của riêng mình, cho dù đó là bước đi đầu tiên hay sau đó, mỗi bước sẽ quyết định bạn có thể đạt điểm cao hay không.\r\n- ✓Share Wood Block Puzzle - Trò chơi Xếp hình Khối Cổ điển (Qblock) miễn phí với bạn bè của bạn, dành thời gian giải trí cùng nhau và gần gũi với nhau!\r\n', 3, 2, '1619763983_WoodBlockPuzzle.zip'),
(3, 'Math | Riddles and Puzzles Maths Games', '003', '30000', '1619709233_MathICON.jpg', '1619709233_Math1.jpg', '1619709233_Math2.png', '1619709233_Math3.jpg', ' -  Câu đố toán học nâng cao chỉ số IQ của bạn với sự kết hợp của các câu đố logic. Thử thách bản thân với các cấp độ khác nhau của trò chơi toán học và mở rộng giới hạn của tâm trí bạn. Các trò chơi trí não được chuẩn bị với cách tiếp cận của một bài kiểm tra IQ.\r\n- \r\n- THỜI GIAN TỰ DO CỦA BẠN HIỆN NAY Ý NGHĨA HƠN\r\n- \r\n- Câu đố toán học bộc lộ tài năng toán học của bạn thông qua các trò chơi trí não ẩn chứa trong các hình dạng hình học. Bạn sẽ rèn luyện cả hai phần của bộ não bằng cách khám phá mối quan hệ giữa các con số trong các hình dạng hình học, và bạn sẽ kéo dài giới hạn của trí óc mình.\r\n- \r\n- TẤT CẢ CÁC CẤP ĐỘ PHÙ HỢP VỚI NGƯỜI LỚN VÀ TRẺ EM\r\n-  \r\n- Trò chơi toán học thực sự mở mang đầu óc của bạn như một bài kiểm tra IQ. Các câu đố logic tạo ra các kết nối mới cho tốc độ tư duy và tinh thần nâng cao. Chúng tạo ra mối liên kết chặt chẽ giữa các tế bào não.\r\n- \r\n- Tất cả các câu hỏi có thể được giải quyết bằng các phép toán cơ bản và phức tạp được dạy ở trường. Chỉ có các phép tính cộng trừ nhân chia thú vị. Phép cộng và phép trừ thường là đủ cho các giải pháp phức tạp và cả nhận thức. Những câu đố về nhận thức là loại sẽ thu hút sự chú ý của những đứa trẻ thông minh và trí tuệ.\r\n- \r\n- Làm thế nào để chơi trò chơi giải đố toán học?\r\n- \r\n- Trò chơi trí não được chuẩn bị với cách tiếp cận kiểm tra IQ. Bạn sẽ giải quyết mối quan hệ giữa các số trong các hình hình học và hoàn thành các số còn thiếu ở cuối. Câu đố logic và trò chơi toán học có một cấp độ khác nhau và những người chơi có khả năng tư duy phân tích mạnh mẽ sẽ nhận ra mô hình ngay lập tức.\r\n- Lợi ích của Câu đố toán học là gì?\r\n- Trò chơi toán học cải thiện sự chú ts và tập trung với các câu đố logic.\r\n-  Các trò chơi trí não giúp phát triển trí nhớ và khả năng nhận thức giống như một bài kiểm tra IQ.\r\n-  Trò chơi giáo dục giúp bạn tìm ra tiềm năng của mình cả trong trường học và cuộc sống hằng ngày.\r\n- Kiểm tra IQ mở rộng đầu óc của bạn với các trò chơi trí não.\r\n- Các câu đố logic giúp kiểm soát căng thẳng theo cách giải trí.\r\n- Tôi có cần trả tiền cho trò chơi toán học không?\r\n- MATH RIDDLES là trò chơi hoàn toàn miễn phí để bất kỳ ai quan tâm đến trò chơi toán học đều có thể truy cập vào trò chơi. Chúng tôi cũng cung cấp các gợi ý và câu trả lời, đồng thời bạn sẽ cần xem quảng cáo để truy cập các gợi ý và câu trả lời. Chúng tôi cần bật quảng cáo để có thể phát triển các trò chơi mới và khác biệt. Cảm ơn bạn cho sự hiểu biết của bạn.\r\n', ' - THỬ TH?CH BẢN THÂN MẠNH VỚI CÁC CÂU ĐỐ MATH.\r\n- \r\n- CÁC CÂU ĐỐ CÒN CHẬM THỬ THÁCH THÊM.\r\n- \r\n- PHÁT TRIỂN KỸ NĂNG GIẢI QUYẾT VẤN ĐỀ VÀ LOGIC.\r\n- \r\n- ĐÀO TẠO CẢ HAI BỘ PHẬN CỦA BẠN.\r\n-  \r\n- THỜI GIAN rảnh rỗi CỦA BẠN HIỆN NAY Ý NGHĨA HƠN.\r\n', 3, 3, '1619709233_Math.zip'),
(4, 'Brain Out – Game hack não', '004', '40000', '1619709355_BrainOutICON.png', '1619709355_BrainOut1.jpg', '1619709355_BrainOut2.jpg', '1619709355_BrainOut3.jpg', ' - Mức độ IQ của bạn là bao nhiêu? Khởi động trí óc của bạn với Brain Out và cho bạn bị thấy rằng bạn không hoàn toàn ngu ngốc!\r\n-  \r\n-  “Brain Out” là một trò chơi giải đố hóc múa miễn phí gây nghiện với một loạt các câu đố hóc múa về não và các câu đố thử nghiệm khác nhau thách thức trí óc của bạn. Nó đánh giá khả năng tư duy logic, phản xạ, độ chính xác, trí nhớ và khả năng sáng tạo của bạn. Đừng trả lời các nhiệm vụ ❌ theo cách thông thường nếu bạn không muốn bị lừa. Giải pháp lật đổ suy nghĩ thông thường là điều thú vị nhất trong trò chơi đố vui này. Chúng tôi mang đến cho bạn trải nghiệm trò chơi khác biệt với tư duy sáng tạo và giải pháp vô lí.\r\n- \r\n-  TÍNH NĂNG CỦA GAME??\r\n-  Cách chơi hoàn toàn không tưởng\r\n- Quá trình trò chơi dễ dàng và đơn giản nhưng hài hước\r\n-  Âm thanh vui nhộn và hiệu ứng trò chơi dí dỏm\r\n-  Câu trả lời trò chơi không mong đợi\r\n', ' -  Có rất nhiều câu hỏi đố vui để tăng cường sức mạnh não bộ của bạn. Sự kết hợp hoàn hảo giữa kiến thức và sự sáng tạo, hãy rèn luyện trí óc của bạn với bộ ba kiểm tra EQ, IQ và thử thách sững sờ??. Trò chơi của chúng tôi đầy giả mạo, vui nhộn và phá hỏng trí tưởng tượng của bạn!\r\n-  \r\n- Suy nghĩ bên ngoài hộp và chạy trí tưởng tượng của bạn ngay bây giờ!', 3, 4, '1619709355_BrainOut.zip'),
(5, '2048', '005', '50000', '1619709464_2048ICON.png', '1619709464_20481.jpg', '1619709464_20483.png', '1619709464_20485.jpg', ' Tham gia các con số và nhận được ô 2048!\r\n-\r\n- Đây là trò chơi giải đố số 2048 CHÍNH THỨC miễn phí được tạo bởi Gabriele Cirulli vào năm 2014 (https://blogs.wsj.com/digits/2014/03/18/want-to-stay-anonymous-dont-make-a-hit -trò chơi vi tính/).\r\n-\r\n- Đơn giản chỉ cần vuốt để di chuyển các ô. Khi hai ô có cùng số chạm vào nhau, chúng sẽ hợp nhất thành một. Đạt được ô 2048 và tiếp tục chơi để mở kháa ô số có giá trị cao hơn!\r\n-\r\n- Thiết kế xếp hình thanh lịch với các tính năng mạnh mẽ\r\n-\r\n- ⭐ Chơi trò chơi cổ điển với các chuyển động mượt mà\r\n- ⭐ Vuốt bất cứ nơi nào để di chuyển (không chỉ trên bảng)\r\n- ⭐ Nút hoàn tác để đảo ngược một lần vuốt\r\n- ⭐ Số liệu thống kê chi tiết bao gồm điểm số tốt nhất\r\n- ⭐ Luôn miễn phí mà không cần mua hàng\r\n- ⭐ Phiên bản chính thức của trò chơi giải đố gốc\r\n', ' Được xuất bản bởi nhóm chịu trách nhiệm giải thưởng các ứng dụng bao gồm Letterpress và Solitaire Solebon, câu đố số 2048 miễn phí chính thức này có sẵn cho tất cả các thiết bị điện thoại thông minh và máy tính bảng Android ', 3, 5, '1619709464_2048.zip'),
(6, 'How to Loot - Pin Pull & Hero Rescue', '006', '20000', '1619709576_HowtoLootICON.jpg', '1619709576_HowtoLoot4.jpg', '1619709576_HowtoLoot5.jpg', '1619709576_HowtoLoot3.jpg', ' -  Chơi How to Loot - game giải cứu ghim và bạn sẽ phải giải những câu đố hại não để kho chốt, giáp hiệp sĩ tiêu diệt quái vật, giải cứu công chúa và tìm kho báu.\r\n-  \r\n- Những người đẹp và vô số bảo bối đang chờ bạn rước về. Hãy chơi ngay thôi!\r\n-  \r\n- Trong trò chơi ghim khóa này, bạn cần phải trải qua những thử thách khó khăn như: kho chốt để cứu người, kho chốt để nhặt kho báu, ghim giải cứu công chúa. Vì vậy, bạn sẽ phải sử dụng IQ, tất cả sự thông minh của mình, để kéo chốt một cách hợp lí.\r\n-  \r\n- Khi bạn kéo ghim save man trong game pin lock, nhặt kho báu, sẽ có những con quái vật đáng sợ rình rập xung quanh, bạn phải cẩn thận, tính toán thật kỹ trước khi kéo chốt để tránh những con quái vật xấu xí.\r\n- \r\n- CHƠI NHƯ THẾ NÀO?\r\n-  Pull chân để thoát ra, rất dễ dàng! Sử dụng tư duy của bạn để kéo chốt tiêu diệt quái vật sau đó đến bên cạnh công chúa và kho báu.\r\n-  Khi kéo ghim cứu người, nhặt kho báu bạn phải cẩn thận và dùng óc tư duy để kéo ghim để thoát khỏi lũ quái vật, nếu kéo sai thứ tự ghim bạn có thể thua thảm hại, đừng chủ quan. .\r\n-  Nắm giữ kho báu của vương quốc và trở thành hiệp sĩ giàu có và hào phóng nhất\r\n-  \r\n- Cách chơi của trò chơi khóa ghim này rất đơn giản nhưng để chiến thắng bạn phải có một bộ não thông minh, nhanh nhẹn và logic để biết cách kéo chốt để công chúa thoát khỏi lũ quái vật và nhặt được những bảo bối quý giá.\r\n-  \r\n- TÍNH NĂNG NỔI BẬT:\r\n- Thoải mái trải nghiệm game giải cứu pin mà không lo nhàm chán, ngoài chế độ chơi chính còn có đến 4 chế độ chơi khác:\r\n- - Chế độ chiến đấu: Hiệp sĩ phải chiến đấu không ngừng nghỉ với quái vật\r\n- ️- Chế độ kho báu: Không cần phải lo lắng về việc đặt bẫy hay chiến đấu với bất kỳ kẻ thù nào, nhiệm vụ của bạn chỉ là lấy càng nhiều kho báu càng tốt.\r\n-  - Chế độ tháp: Bạn biết trò chơi rút gỗ? Rút gỗ một cách khéo léo để kho báu trên đỉnh tháp gỗ rơi vào người\r\n- - Chế độ hộp: Cũng giống như chế độ tháp, bạn cũng phải khéo léo rút gỗ để kẻ thù có thể rơi xuống nham thạch hoặc gai\r\n- Chọn hiệp sĩ của riêng bạn và bắt đầu cuộc hành trình của bạn\r\n- Tận hưởng niềm vui khi giải cứu công chúa và thu thập kho báu.\r\n- Cập nhật liên tục các cấp độ mới khó hơn, hấp dẫn hơn và nhiều thử thách hơn.\r\n- Đồ họa bắt mắt, hiệu ứng mượt mà, dễ chơi mọi lúc mọi nơi.\r\n- Hơn 500 thử thách cực kỳ hấp dẫn\r\n- Chọn hiệp sĩ của riêng bạn và bắt đầu cuộc hành trình của bạn\r\n- Hệ thống câu hỏi đánh giá IQ\r\n- \r\n- Nghe rất thú vị phải không? Mọi người đã tải rồi, tại sao bạn vẫn chưa tải game khóa pin của chúng tôi - Làm thế nào để loot được?\r\n', ' - Tải và chơi How to Loot - game giải cứu pin phổ biến nhất hiện nay để tham gia chinh phục những thử thách hấp dẫn.\r\n- Chia sẻ kinh nghiệm của bạn khi chơi trò chơi giải đố này, chúng tôi sẽ lắng nghe nó và cải thiện mỗi ngày.\r\n-  Chúc các bạn vui vẻ và vượt qua những câu đố hại não trong How to Loot.\r\n', 3, 6, '1619709576_HowtoLoot.zip'),
(7, 'Difference Find King', '007', '0', '1619710852_DifferenceFindKingICON.png', '1619710852_DifferenceFindKing1.jpg', '1619710852_DifferenceFindKing2.jpg', '1619710852_DifferenceFindKing3.jpg', ' Trò chơi miễn phí tìm sự khác biệt cuối cùng với hơn 1000 cấp độ đẹp và đầy thử thách! Kiểm tra kỹ năng thám tử của bạn. Bạn có thể tìm thấy ngay cả sự khác biệt khó và các đối tượng ẩn\r\n\r\nSo sánh các bức tranh và cố gắng phát hiện ra sự khác biệt giữa chúng. Tìm kiếm và tìm các đối tượng ẩn. Cũng giống như trong trò chơi đối tượng ẩn.\r\n\r\nĐây là một trò chơi 5 điểm khác biệt, nhưng một số cấp độ thậm chí còn có nhiều điểm khác biệt tiềm ẩn hơn để phát hiện!\r\n\r\nCác tính năng giúp chúng tôi tìm thấy sự khác biệt trò chơi trực tuyến miễn phí tốt nhất:\r\n• Không có bộ đếm thời gian! Đây là một câu đố hình ảnh thư giản.\r\n• Gợi ý không giới hạn! Hữu ích để tìm các đối tượng ẩn cuối cùng.\r\n• Tìm sự khác biệt trên ảnh và đối tượng Chất lượng cao.\r\n• Thu phóng! Trở thành một thám tử và tìm ra những khác biệt tiềm ẩn rất khó khăn đó.\r\n• Tiến triển ở cả cấp độ dễ và khó - một số khó hơn bạn nghĩ.\r\n• Các huy chương đẹp! Tìm và thu thập tất cả.\r\n• Được thiết kế cho cả điện thoại và máy tính bảng, mọi hướng màn hình.\r\n', ' Tìm kiếm để phát hiện những điểm khác biệt đòi hỏi bạn phải tập trung như một thám tử thực thụ. Tìm ra nó cho chính mình!\r\n\r\nHình ảnh tìm thấy sự khác biệt mới mỗi tuần.\r\n', 3, 7, '1619710852_DifferenceFindKing.zip'),
(8, 'Relax Jigsaw Puzzles', '008', '0', '1619706948_RelaxJigsawPuzzlesICON.png', '1619706948_RelaxJigsawPuzzles1.jpg', '1619706948_RelaxJigsawPuzzles2.jpg', '1619706948_RelaxJigsawPuzzles3.jpg', ' Relax Jigsaw Puzzles cho phép bạn hoàn thành rất nhiều câu đố miễn phí ngay cả khi ngoại tuyến, bao gồm cả những câu đố được tạo từ ảnh của chính bạn.\r\n\r\nĐiều bạn sẽ thích ở Câu đố thư giản:\r\n? Câu đố hằng ngày - câu đố miễn phí mới mỗi ngày!\r\n Bạn có thể hoàn thành các câu đố ngoại tuyến!\r\n Một loạt các câu đố với các bộ sưu tập theo chủ đề khác nhau.\r\n Một loạt các mức độ khó khăn từ 24 đến 294 mảnh, có xoay và không!\r\n Bạn có thể tạo câu đố từ ảnh của chính mình.\r\n Bạn có thể giải nhiều câu đố cùng một lúc.\r\n Một nút trợ giúp đặc biệt, tùy chọn để xem ảnh để hoàn thành hoặc thậm chí thay đổi nền.\r\n✋ Chế độ chơi đặc biệt dành cho người chơi thuận tay trái.\r\n\r\nBạn chắc chắn sẽ thích làm những câu đố tuyệt vời của chúng tôi!\r\n\r\nTrò chơi ghép hình là một loại trò chơi bao gồm một hình ảnh được chia thành các mảnh nhỏ, có hình dạng không đều nhau, sau đó chúng phải được ghép lại với nhau để tạo thành một bức tranh hoàn chỉnh. Hoàn thành các câu đố cần sự tận tìm, kiên nhẫn và tập trung.\r\nMột số người nói rằng trò chơi ghép hình được phát minh vào năm 1760 bởi John Spilsbury, một thợ khắc, nhà bản đồ và nhà xuất bản ở London, khi ông cắt một bản đồ giấy thành một số mảnh nhỏ với nhiều hình dạng khác nhau.\r\n\r\nCâu đố không chỉ là một cách thú vị để dành thời gian. Chúng cũng nâng cao kỹ năng vận động tốt của bạn, giúp bạn nhận vấn đề từ các khía cạnh khác nhau, phát triển trí tưởng tượng, khả năng suy luận không gian, khả năng chú ý, khả năng tập trung và trí nhớ cũng như khả năng đưa ra quyết định một cách độc lập.\r\n\r\nCó rất nhiều cách để giải câu đố trực tuyến trên máy tính của bạn, nhưng ứng dụng dành cho thiết bị di động của chúng tôi cho phép bạn xếp các câu đố lại với nhau ở bất cứ đâu bạn muốn: đi chơi với bạn bè, trên phương tiện giao thông công cộng, thậm chí trong rừng. Bạn vẫn có thể hoàn thành các câu đố của chúng tôi, ngay cả khi không có kết nối Internet.\r\n\r\nMột ưu điểm lớn của việc sử dụng ứng dụng trò chơi ghép hình so với trò chơi xếp hình truyền thống là ứng dụng chiếm ít dung lượng hơn nhiều! Hãy nghĩ xem bạn cảm thấy buồn như thế nào khi gần hoàn thành một câu đố nhưng mảnh ghép cuối cùng lại bị mất. Trò chơi nào cung cấp giải pháp miễn phí cho vấn đề này? Tất nhiên, Relax Puzzles - một đối thủ mới thú vị trong thể loại trò chơi ghép hình hay nhất trong số các trò chơi giải đố, cũng như thể loại trò chơi ngoại tuyến.\r\n', ' Relax Puzzles là một trò chơi miễn phí, nhưng nó có chứa các giao dịch mua trong trò chơi. Nếu bạn có bất kỳ câu hỏi hoặc phản hồi nào, hãy liên hệ với chúng tôi tại support@openmygame.com - chúng tôi rất vui khi được nghe ý kiến của bạn! Ai biết được, có thể đề xuất của bạn để cải thiện trò chơi sẽ được đưa vào bản cập nhật tiếp theo!\r\n\r\nOpenMyGame mang đến cho bạn cơ hội đi sâu vào thế giới câu đố vui nhộn và hấp dẫn. Đây là dấu hiệu mà bạn đang chờ đợi - hãy mở ứng dụng và tiến gần hơn một bước đến sự thư giản hoàn toàn!\r\n', 3, 8, '1619706948_RelaxJigsawPuzzles.zip'),
(9, 'Mazes & More', '009', '0', '1619711103_Mazes & More ICON.png', '1619711103_Mazes1.png', '1619711103_Mazes2.png', '1619711103_Mazes3.png', '  Mazes & More là một trò chơi giải đố cổ điển, hoàn hảo để giải lao nhanh chóng để rèn luyện trí não của bạn. Nó được thiết kế để trở thành một trò chơi solo đơn giản đáng ngạc nhiên, chơi bằng cách vuốt hoặc chạm qua các mê cung cổ điển 2D vui nhộn. Tùy chỉnh hình đại diện người chơi của bạn và hướng dẫn người bạn mới của bạn dọc theo các bức tường của mê cung vuông của chúng tôi. Bỏ giấy và bút đánh dấu của bạn và những trò chơi 3D khó hiểu đó cho trò chơi phiêu lưu logic đơn giản này được chơi ở bất cứ đâu bạn muốn thư giản. Kiểm tra kỹ năng ghi nhớ của bạn, thoát khỏi từng mê cung và chia sẻ điểm số của bạn với bạn bè.\r\n\r\nMAZES & CÁC TÍNH NĂNG CHÍNH KHÁC\r\n Hình đại diện MỚI do người dùng chọn: tùy chỉnh trình phát của bạn bằng cách chọn từ 6 ký tự mới có thể thay thế biểu tượng Dấu chấm mặc định.\r\n? Dễ dàng chơi, quên các điều khiển nghiêng khi xử. Tốt hơn là sử dụng một điểm đánh dấu!\r\n Tất cả các mê cung đều được làm thủ công để mang lại niềm vui tối đa, tất cả các trò chơi đều có thể thắng được.\r\n 6 loại: Cổ điển, Kẻ thù, Tầng băng, Bóng tối, Bẫy và Thử nghiệm thời gian.\r\n Các câu đố trải dài từ mê cung dễ đến mê cung khó và nâng cao hơn nhiều.\r\n Đồ họa 2D tối giản và cổ điển, quên đi những mê cung 3D phức tạp.\r\n CHẾ ĐỘ NGOẠI TUYẾN: không cần wifi để chơi.\r\n\r\nHướng dẫn dấu chấm hoặc hình đại diện người chơi thắng qua các tuyến đường khác nhau trong cuộc phiêu lưu mê cung miễn phí này. Chạy, khám phá và tìm cách thoát ra khỏi những bức tường phức tạp. Có một con Minotaur không?\r\n\r\nHoàn thành tất cả 450 mê cung và trở thành vua của mê cung \r\n Không có trò chơi mèo và chuột ở đây, chỉ có các thiết kế mê cung sáng tạo vui nhộn và cuộc phiêu lưu thú vị cho bất kỳ ai.\r\n', '  Hãy tận hưởng trò chơi giải đố, mê cung, mê cung thông thường này khi bạn cảm thấy mệt mỏi về tinh thần hoặc cần rèn giũa trí óc của mình. Khám phá những thử thách gây nghiện và hằng giờ giải trí với hơn 450 cấp độ khác nhau và các chế độ chơi tiến bộ để bạn lựa chọn. Các câu đố bao gồm từ mê cung dễ đến mê cung khó hơn và nâng cao hơn nhiều để giữ cho các thử thách trở nên thú vị \r\n\r\nMazes & More có sẵn bằng hơn 57 ngon ngữ, bao gồm tiếng Anh, tiếng T?y Ban Nha, tiếng Bồ Đào Nha, tiếng Pháp, tiếng Đức, tiếng Nga, tiếng Hàn, tiếng Nhật, tiếng Việt, tiếng Hindi, tiếng Thổ Nhĩ Kỳ và nhiều ngôn ngữ khác.\r\n', 3, 9, '1619711103_Mazes.zip'),
(10, 'Flow Free', '010', '50000', '1619711200_FlowFreeICON.png', '1619711200_FlowFree1.jpg', '1619711200_FlowFree2.jpg', '1619711200_FlowFree3.png', ' Flow Free® l? một trò chơi giải đố đơn giản nhưng gây nghiện.\r\n\r\nKết nối các màu phù hợp với đường ống để tạo Flow®. Ghép tất cả các màu và phủ toàn bộ bảng để giải từng câu đố trong Flow Free. Nhưng hãy coi chừng, đường ống sẽ bị vỡ nếu chặng cắt ngang hoặc chồng lên nhau!\r\n\r\nChơi miễn phí qua hàng trăm cấp độ hoặc chạy đua với đồng hồ trong chế độ Thử nghiệm thời gian. Trò chơi Flow Free trải dài từ đơn giản và thoải mái, đến thử thách và điên cuồng, và ở mọi nơi. Bạn chơi như thế nào là tùy thuộc vào bạn. Vì vậy, hãy dùng thử Flow Free và trải nghiệm \"tìm như nước\"!\r\n\r\nCác tính năng của Flow Free:\r\n\r\n★ Hơn 2.500 câu đố miễn phí\r\n★ Chế độ chơi miễn phí và dùng thử thời gian\r\n★ Đồ họa đầy màu sắc, sạch sẽ\r\n★ Hiệu ứng âm thanh vui nhộn\r\n', ' Đặc biệt cảm ơn Noodlecake Studios, những người sáng tạo ra Super Stickman Golf, vì công việc của họ trên Flow Free!\r\n\r\nThưởng thức nào.\r\n', 3, 10, '1619711200_FlowFree.zip'),
(11, 'Hill Climb Racing', '011', '0', '1619711305_HillClimbRacingICON.jpg', '1619711305_HillClimbRacing1.jpg', '1619711305_HillClimbRacing4.jpg', '1619711305_HillClimbRacing5.jpg', ' Chơi Hill Climb Racing cổ điển! Đua theo cách của bạn lên đồi trong trò chơi lái xe dựa trên vật lý này! Chơi miễn phí và cũng có thể chơi ngoại tuyến!\r\n\r\nGặp Newton Bill, tay đua vượt dốc trẻ tuổi đầy khát vọng. Anh ta sắp bắt đầu một cuộc hành trình đưa anh ta đến nơi mà trước đây chưa từng có chuyến đi nào. Từ Ragnarok đến Nhà máy hạt nhân, tất cả mọi nơi đều là đường đua đối với Bill. Với một chút tôn trọng các định luật vật lys, Bill sẽ không nghỉ ngơi cho đến khi anh ấy chinh phục được những ngọn đồi cao nhất trên mặt trăng!\r\n\r\nĐối mặt với những thách thức của môi trường leo đồi độc đáo với nhiều loại xe khác nhau. Nhận tiền thưởng từ các thủ thuật táo bạo và thu thập tiền xu để nâng cấp chiếc xe của bạn và đạt được những khoảng cách cao hơn nữa. Tuy nhiên, hãy để ý - chiếc cổ mập mạp của Bill không còn như xưa khi anh ấy còn nhỏ! Và cái lò hỏa táng cũ tốt bằng xăng của anh ấy sẽ rất dễ bị hết nhiên liệu.\r\n\r\nĐặc trưng:\r\n•  Chơi ngoại tuyến - Chơi ngoại tuyến mọi lúc mọi nơi!\r\n•  Xe cộ - Mở khóa hơn 29 loại xe và chọn chiếc tốt nhất cho phong cách chơi của bạn\r\n•  Nâng cấp - Cải thiện động cơ, hệ thống treo, lốp & hệ dẫn động 4 bình trên xe của bạn\r\n• ⛰️ Drive - 28+ giai đoạn thực sự là vô tận\r\n•  Tối ưu hóa - Phát tốt trên các thiết bị có độ ph?n giải cao và thấp với yêu cầu bộ nhớ rất ít\r\n•  Chế độ ga ra - chế tạo và lái chiếc xe mơ ước của bạn với các bộ phận tùy chỉnh!\r\n', ' Phương tiện: Hill Climber, xe đạp mô tô, xe tải quái vật, máy kéo, xe tải hippie, xe một bánh, xe đạp quad, xe buýt du lịch, xe đua, xe cảnh sát, xe cứu thương, xe cứu hỏa, di động trên tuyết, siêu offroad, và nhiều hơn nữa!\r\n\r\nHill Climb Racing miễn phí để chơi và ngoại tuyến nhưng có sẵn tùy chọn mua trong ứng dụng.\r\n', 4, 11, '1619711305_HillClimbRacing.zip'),
(12, 'Asphalt 8 Racing Game - Drive, Drift at Real Speed', '012', '0', '1619711406_Asphalt8ICON.jpg', '1619711406_Asphalt81.jpg', '1619711406_Asphalt84.jpg', '1619711406_Asphalt85.jpg', ' Asphalt 8 có mọi thứ để đáp ứng nhu cầu đua xe của bạn: hơn 300 phương tiện được cấp phép, các cuộc đua hành động, hơn 75 bài hát và khả năng thưởng thức trò chơi này ngoại tuyến và trực tuyến. Tựa game mô phỏng xe hơi này cũng cung cấp các chế độ chơi đơn và nhiều người chơi và nhiều cơ hội hơn để lướt trên đường nhựa.\r\nTừ sa mạc Nevada rực lửa đến những khúc quanh chật hẹp của Tokyo, bạn sẽ tìm thấy một thế giới đầy thử thách, phấn khích và thú vị trên con đường lên đến đỉnh của mình!\r\n\r\n? XE & XE MÁY GIẤC MƠ THẬT SANG TRỌNG! ?️\r\n\r\nThưởng thức những cuộc đua nhanh với hơn 300 xe hơi và xe đạp hiệu suất cao đã sẵn sàng để bạn lái và vượt qua giới hạn của chúng! Từ các nhà sản xuất được cấp phép hàng đầu và các mẫu xe sang, chẳng hạn như Lamborghini, Bugatti, Porsche và nhiều hãng khác, bao gồm tuyển chọn các loại xe mô tô đua!\r\n Âm thanh động cơ có độ trung thực cao mới được ghi lại cho âm thanh chân thực đắm chìm và nhiều cài đặt có thể tùy chỉnh và nâng cấp để tận hưởng những chuyến đi của bạn với hơn 2.300 đề can để hạ gục đối thủ của bạn một cách đầy phong cách!\r\n\r\n TẢI SÂN BAY VỚI ASPHALT 8\r\n\r\nLên dốc và thực hiện cuộc đua vượt qua giới hạn vật lí khi bạn thoát khỏi lực hấp dẫn và bay lên bầu trời bằng ô tô hoặc xe đạp của mình!\r\nThực hiện các động tác cuộn thẳng và nhảy 360 ° hoang dã khi bạn bay qua đối thủ của mình. Di chuyển trên không trong khi thực hiện các pha nguy hiểm điên rồ trong ô tô hoặc xe máy của bạn để tối đa hóa tốc độ của bạn và tìm một tuyến đường nhanh chóng để về đích.\r\nKiểm soát tùy chỉnh nơi bạn có thể sắp xếp lại các biểu tượng và điều khiển trên màn hình của mình theo cách bạn muốn tùy chỉnh và tối ưu hóa phong cách chơi của mình.\r\n\r\n VỊ TRÍ MỚI HẤP DẪN ?️\r\n\r\nHơn 75 đường đua tốc độ cao ở 18 bối cảnh khác nhau trên khắp thế giới mang đến cho bạn những địa điểm thú vị để đi xe hơi hoặc đạp xe của bạn! Đua bất kỳ đường đua nào bạn muốn ở chế độ ban đầu hoặc biến thể phản chiếu của nó để đảm bảo một thử thách mới trong chế độ Nghề nghiệp chắc chắn sẽ khiến bạn luôn cố gắng. Khám phá nhiều lối tắt ẩn ở mọi vị trí. Nắm vững chúng chắc chắn sẽ nâng tầm trò chơi của bạn lên hàng đầu trong các cuộc thi!\r\n\r\nMỘT DÒNG NỘI DUNG CUỐI CÙNG CHO FREAKS TỐC ĐỘ!\r\n\r\nTrải nghiệm niềm vui Asphalt trọn vẹn với hơn 9 mùa và hơn 400 sự kiện trong chế độ Career, với rất nhiều thử thách cho cả những tay đua ô tô và mô tả kinh nghiệm nhất! Kiểm tra các chế độ Infected và Gate Drift để có một bước ngoặt mới về đua xe. Giành các giải thưởng cao nhất trong các Cúp có thời gian giới hạn, bao gồm quyền truy cập sớm vào một số chiếc xe mới nhất trong trò chơi!\r\nVà cảm nhận tốc độ với hỗn hợp âm nhạc tuyệt vời được cấp phép cho Asphalt 8 của chúng tôi để thúc đẩy nhu cầu đua xe arcade nhanh của bạn.\r\n', '  TRẢI NGHIỆM ĐUA XE ĐA NĂNG SIÊU TỐI ƯU!\r\n\r\nChuẩn bị cho hành động nhiều người chơi đồng thời trong Phần và Giải đấu! Đua hết mình với những người chơi khác để ghi điểm và mở khóa giải thưởng trong các Mùa đua có thời gian giới hạn. Dám cùng bạn bè tham gia các cuộc đua không đồng bộ khi bạn đuổi theo những chiếc xe và xe đạp ma quái của đối thủ trên đường đua. So sánh điểm số trên bảng thành tích mới với bạn bè và các tay đua đối thủ trên khắp thế giới, đồng thời chia sẻ thành tích đua của bạn!\r\n\r\nVì vậy, bạn đã sẵn sàng cho trải nghiệm đua xe đóng thế HD thực sự chưa? Bạn có nhu cầu về độ về tốc độ đột phá? Vâng, hãy coi đây là đèn xanh của bạn để tải xuống Asphalt 8, nhanh chóng!\r\n', 4, 12, '1619711406_Asphalt8.zip'),
(13, 'Rally Fury - Extreme Racing', '013', '0', '1619711544_RallyFuryICON.png', '1619711544_RallyFury4.jpg', '1619711544_RallyFury2.jpg', '1619711544_RallyFury5.jpg', ' Chơi một người chơi hoặc nhiều người chơi trực tuyến!\r\n\r\nTrải nghiệm cảm giác hồi hộp và thách thức của cuộc đua đua tốc độ cao! Đẩy kỹ năng lái xe của bạn đến giới hạn khi bạn chạy đua với đồng hồ, cạnh tranh với các đối thủ AI đầy thách thức và chạy đua trong các sự kiện thử thách đặc biệt.\r\n\r\nDRIFT: Lướt qua các góc để tăng tốc độ hoặc chỉ để giải trí đơn thuần.\r\n\r\nNITRO BOOST: Tăng nitro của bạn và đạt tốc độ cực cao. Để đối thủ của bạn trong bụi của bạn!\r\n\r\nVẬT LÝ THỰC TẾ: Vật lý đua xe thực tế trên đường nhựa, bụi bẩn và tuyết. Bạn có thể trải bao xa? Bạn sẽ bắt được bao nhiêu không khí khi nhảy qua? Chỉ cần không mất kiểm soát và sụp đổ!\r\n\r\nTÙY CHỈNH: Tùy chỉnh ô tô của bạn với các màu sơn khác nhau, dán đề can và cá nhân hóa biển số xe của bạn.\r\n\r\nXE: Nhiều xe đua hiệu suất cao để lại, mỗi xe có thông số kỹ thuật khác nhau.\r\n\r\nNÂNG CẤP: Cải thiện ô tô của bạn với các nâng cấp về tốc độ và hiệu suất.\r\n\r\nĐIỀU KHIỂN: Tay lái nghiêng hoặc cảm ứng. Tăng tốc bằng tay hoặc tự động. Nhiều chế độ xem camera để lựa chọn.\r\n', ' HỖ TRỢ GAMEPAD: Hỗ trợ cho hầu hết các bộ điều khiển gamepad phổ biến.\r\n\r\nHỖ TRỢ ANDROID TV: Chơi trên màn hình lớn để có trải nghiệm tuyệt vời!\r\n\r\nTIẾT KIỆM ĐÁM MÂY: Lưu tiến trình của bạn và tải xuống trên một thiết bị khác.\r\n', 4, 13, '1619711544_RallyFury.zip'),
(14, 'Car Run Racing', '014', '0', '1619711640_CarRunRacingICON.png', '1619711640_CarRunRacing5.jpg', '1619711640_CarRunRacing4.jpg', '1619711640_CarRunRacing3.jpg', ' Đua với những chiếc xe cơ bắp JET POWERED và thống trị các đường phố trong vận động viên chạy phiêu lưu điên cuồng này!\r\n\r\nTính năng các bước nhảy CỰC KỲ và các pha nguy hiểm xuất thần! Các thủ thuật Lật, Nhảy và Nghiền với chuyến đi của bạn để giành chiến thắng và trở thành diễn viên đóng thế cuối cùng! Đua xuống đồi và khai thác theo cách của bạn để đạt tốc độ cao nhất, trước khi phóng lên trời với đôi cánh jetpack của bạn để kiếm thêm tiền.\r\n\r\nCÁC TÍNH NĂNG CHÍNH\r\n★ Thanh nóng và Xe cơ bắp TUYỆT VỜI !!\r\n★ đồ họa HD đầy màu sắc!\r\n★ giao thông DODGE!\r\n★ NHANH CHÓNG VUI VẺ!\r\n★ NÂNG CẤP tăng cường và sức mạnh của bạn!\r\n★ MỞ KHÓA chuyến đi của bạn!\r\n★ BOOST xe của bạn với siêu máy bay phản lực!\r\n\r\nTR? CHƠI\r\n- Vuốt để thay đổi lên đường hoặc để nhảy và vượt qua chướng ngại vật.\r\n- Nhấn khi xuống dốc để tăng tốc độ\r\n- Nhấn đúp để kích hoạt máy bay phản lực di chuột của bạn hoạt động như một lá chắn\r\n- Cuộc đua bất tận cho đến khi bạn chết\r\n', ' LỜI KHUYÊN\r\n- Càng đi xa điểm số càng cao\r\n- Sử dụng powerups để nhận được nhiều tiền hơn\r\n\r\nThu thập tất cả các tăng sức mạnh và DOMINATE điểm số cao! Sửa đổi các chuyến đi của bạn với đôi cánh jetpack để trở thành huyền thoại đua xe giao thông.\r\n\r\nTải xuống ngay bây giờ và thể hiện các pha nguy hiểm của bạn!\r\n', 4, 14, '1619711640_CarRunRacing.zip'),
(15, 'Moto X3M Bike Race Game', '015', '0', '1619711740_MotoX3MBikeRaceGameICON.jpg', '1619711740_MotoX3MBikeRaceGame1.jpg', '1619711740_MotoX3MBikeRaceGame2.png', '1619711740_MotoX3MBikeRaceGame5.jpg', ' Trò chơi flash thú vị được nhiều người yêu thích bùng nổ trên điện thoại di động.\r\n\r\nMoto X3M mang đến những cuộc đua xe đạp tuyệt vời với các cấp độ được chế tạo đẹp mắt đến thẳng thiết bị di động của bạn. Vì vậy, hãy lấy xe máy của bạn, đeo mũ bảo hiểm của bạn và giành lấy một số thời gian phát sáng vượt qua các chướng ngại vật và đánh bại đồng hồ trên các vùng đường địa hình tuyệt vời.\r\n\r\nĐẶC TRƯNG;\r\n- Hơn 170 cấp độ tuyệt đẹp đầy thử thách\r\n- Xe đạp siêu ngầu có thể mở khóa\r\n- Các pha nguy hiểm và thủ thuật điên rồ khi bạn lật và lái xe qua các cấp độ\r\n- Sắp có thêm mức trị số octan cao\r\n- Mức thời gian\r\n- Trạm kiểm soát\r\n- Lược đồ kiểm soát do người dùng chọn\r\n\r\nTrò chơi mô tô khắc nghiệt này mang đến tình trạng hỗn loạn cho điện thoại di động của bạn khi bạn đua xuống đồi và quay động cơ để leo lên đồi đến những thử thách khó khăn nhất trên đường đến thành công. Khi bạn chạy đua để trở thành tay đua xe đạp vĩ đại nhất từ trước đến nay và đánh bại bạn bè của mình, liệu bạn có thể xử lí các vụ nổ v? những chướng ngại vật độc đáo mà mỗi cấp độ cung cấp hay bạn sẽ gục ngã?\r\n', ' Muốn cảm thấy được kết nối hơn với thiết bị của bạn, hãy thử chọn các điều khiển độ nghiêng trong menu tạm dừng', 4, 14, '1619711740_MotoX3MBikeRaceGame.zip'),
(16, 'Traffic Rider', '016', '0', '1619711834_TrafficRiderICON.jpg', '1619711834_TrafficRider4.jpg', '1619711834_TrafficRider2.jpg', '1619711834_TrafficRider5.jpg', ' Một kiệt tác khác từ những người tạo ra Traffic Racer. Lần này, bạn ngồi sau tay lái của một chiếc mô tô trong một trải nghiệm chơi game chi tiết hơn nhiều, nhưng cũng giữ lại sự thú vị và đơn giản của trường học cũ.\r\n\r\nTraffic Rider đưa thể loại đua xe bất tận lên một tầm cao mới bằng cách thêm chế độ nghề nghiệp đầy đủ, góc nhìn thứ nhất, đồ họa đẹp hơn và âm thanh xe đạp được ghi lại trong cuộc sống thực. Bản chất của đua xe arcade mượt mà vẫn còn đô nhưng trong lớp vỏ của thế hệ tiếp theo. Đi xe đạp của bạn trên những con đường cao tốc vô tận vượt qua giao thông, nâng cấp và mua xe đạp mới để hoàn thành các nhiệm vụ trong chế độ nghề nghiệp.\r\n\r\nBây giờ đã đến lúc ra đường với một chiếc mô tô!\r\n\r\nĐẶC TRƯNG\r\n- Chế độ xem camera ở góc nhìn thứ nhất\r\n- 29 xe máy để lựa chọn\r\n- Âm thanh động cơ thực được ghi lại từ xe đạp thực\r\n- Môi trường chi tiết với các biến thể ngày và đêm\r\n- Chế độ nghề nghiệp với hơn 70 nhiệm vụ\r\n- Bảng thành tích trực tuyến và hơn 30 thành tích\r\n- Hỗ trợ 19 ngôn ngữ\r\n', ' LỜI KHUYÊN\r\n- Bạn đi xe càng nhanh, bạn càng nhận được nhiều điểm\r\n- Khi lái xe trên 100 kmh, vượt gần xe ô tô lưu thông để nhận điểm thưởng và tiền mặt\r\n- Lái xe ngược chiều theo hai chiều được cộng thêm điểm số và tiền mặt\r\n- Làm bánh xe để nhận thêm điểm số và tiền mặt\r\n', 4, 15, '1619711834_TrafficRider.zip'),
(17, 'Type Spin', '017', '0', '1619708780_TypeSpinICON.jpg', '1619708780_TypeSpin1.jpg', '1619708780_TypeSpin2.jpg', '1619708780_TypeSpin3.jpg', 'Quay bảng chữ cái!\r\n\r\nHình dạng của đối tượng xoay thay đổi theo các kí tự bạn nhập.\r\n\r\nHãy nhắm đến mục tiêu bằng cách tận dụng hiệu quả hoạt động của vật lí và hình dạng của các chữ cái!\r\n', 'Tựa game mới nhất 2021. Hãy cùng nhau thưởng thức và đưa ra các đánh giá phù hợp nhé!', 4, 16, '1619708780_TypeSpin.zip'),
(18, 'Xtreme Motorbikes', '018', '0', '1619711957_XtremeMotorbikesICON.jpg', '1619711957_XtremeMotorbikes1.jpg', '1619711957_XtremeMotorbikes2.jpg', '1619711957_XtremeMotorbikes3.jpg', 'Xe mô tô xtreme mang đến cho bạn cảm giác lái thực sự và biểu diễn phong cách tự do\r\ntrò chơi này mang đến vật lí xe đạp tuyệt vời với thành phố phong cách miễn phí đẹp mắt,\r\nTrải nghiệm xe mô tô xtreme theo phong cách miễn phó trong trò chơi mô tả giả lập thực tế nhất xung quanh. Nếu bạn thích trò chơi mô tô, hãy thử nó.\r\nĐiều khiển mượt mà, vật lí xe máy thực tế.\r\nKiểm tra kỹ năng tự do thực sự của bạn.\r\n', 'Những đặc điểm chính:\r\n\r\n- Vật lí thực tế, mô phỏng mọi khía cạnh của hành vi xe máy\r\n- Lại hơn 20 chiếc mô tô thể thao mạnh mẽ và thú vị, có độ chi tiết cao\r\n- Tùy chỉnh xe máy của bạn với công việc sơn và vành xe độc quyền\r\n- Âm thanh động cơ thực tế\r\n- Tăng áp, hộp số và lốp âm thanh\r\n- Đồ họa 3D thực tế\r\n- Chuyển động chậm trải\r\n- Thay đổi người lái và hành khách của bạn\r\n', 4, 17, '1619711957_XtremeMotorbikes.zip'),
(19, 'Happy Guts Racing and Wheels Glory', '019', '0', '1619712088_HappyGutsandWheelsGloryICON.jpg', '1619712088_HappyGutsandWheelsGlory1.jpg', '1619712088_HappyGutsandWheelsGlory2.png', '1619712088_HappyGutsandWheelsGlory3.jpg', 'Happy Guts and Wheels Glory cung cấp một tổ hợp các bản nhạc tuyệt vời đầy phấn khích.\r\n\r\nHappy Guts and Wheels Glory Course mang đến cho bạn những chiếc xe 3D hoàn chỉnh để thực hiện các pha nguy hiểm! Bạn có phải là một người điên và một diễn viên đóng thế đoạn đường dốc nguy hiểm?\r\nĐua theo cách của bạn qua những con đường đầy thử thách nguy hiểm trên những chướng ngại vật chết người để về đích an toàn trong trò chơi bánh xe thể thao mạo hiểm vui vẻ búp bê giẻ rách với một số nhân vật người chơi như một người đàn ông ngồi xe lăn, phễu chống gậy apogo, một người cha con đạp xe và hơn thế nữa.\r\nCảm nhận vật lý thực tế dựa trên trò chơi hành động ragdoll bánh xe vui vẻ bằng tay trên điện thoại của bạn, nơi bạn sử dụng kỹ năng của mình để điều khiển mọi cấp độ đẫm máu.\r\nCảm nhận tốc độ nhanh khi bạn thương lượng theo cách của mình thẳng qua các khóa học sinh tồn chết người.\r\nKhi bạn cảm thấy nhàm chán với công việc văn phòng, ngồi vào bên chỉ toàn là giấy. Tại sao không lăn xuống đồi dưới bầu trời xanh với trò chơi đua xe đạp trên bánh xe đạp ?.\r\nLái chiếc xe đạp của bạn vào một cuộc đua mạo hiểm rất vui vẻ dưới bầu trời nóng bức. Happy Guts and Wheels Glory là một trò chơi thể thao mạo hiểm búp bê-búp bê.\r\nTrải nghiệm trò chơi đua xe dựa trên vật lí thực tế trên điện thoại của bạn, Happy Guts and Wheels Glory mang đến sự kết hợp thú vị giữa các đường đua tuyệt vời, một chút vận may và những thử thách chết người.\r\nMang chiếc BMX đi ra khỏi sân sau và đặt mình vào đường đua điên cuồng BMX bất khả thi được theo dõi để kiểm tra vinh quang và bản lĩnh của bạn.\r\nHãy đội mũ bảo hiểm thật chặt, trò chơi xe đạp BMX hay nhất này thực sự là để thử nghiệm trò chơi Happy Guts and Wheels Glory của bạn.\r\nChơi trên trò chơi Happy Guts and Wheels Glory và trải nghiệm những bánh xe đẫm máu trên các đường đua vượt chướng ngại vật, vượt qua bu lông, đại bác và cưa máy.\r\nThưởng thức Happy Guts and Wheels Glory, trò chơi mới về các pha nguy hiểm với cấp độ đáng kinh ngạc và thực hiện các pha nguy hiểm không thể tuyệt vời hơn.\r\nNhấn vào nút tiến để lướt qua, nhấn vào nút rẽ trái hoặc rẽ phải để xoay bánh xe của bạn trong không khí.\r\nKhi gặp chướng ngại vật chạm vào nút dừng để giảm tốc độ. Tất cả những gì bạn cần là thời gian để nhấn vào các nút và một chút tài sản.\r\nNâng cấp xe đạp mới để có cảm giác đua thực sự. Vì vậy, hãy thay đổi bánh răng của bạn và thực hiện các pha nguy hiểm điên rồ! Hãy cẩn thận với những con đường gồ ghề và những đoạn đường dốc bất khả thi trên đường đi của bạn.\r\n', 'Những khúc quanh co của đường đua điên cuồng trong trò chơi máu me này sẽ mang đến cho bạn một cơn sốt adrenaline không giống như bất kỳ trò chơi xe đạp BMX nào khác mà bạn đã chơi trước đây.\r\nHãy bắt đầu, chọn chiếc xe trò chơi bánh xe vui vẻ yêu thích của bạn và điều khiển nhân vật người lái hạnh phúc của bạn để vượt qua những thử thách chết người.\r\nThực hiện các pha nguy hiểm hoang dã bất chấp tử thần, chứng kiến tác động nứt xương và mất một hoặc vài chi, và đưa nó đến cực điểm của Happy Guts and Wheels Glory!\r\n', 4, 18, '1619712088_HappyGutsandWheelsGlory.zip'),
(20, 'Fun Race 3D', '020', '0', '1619712231_FunRace3DICON.png', '1619712231_FunRace3D1.jpg', '1619712231_FunRace3D2.jpg', '1619712231_FunRace3D3.png', 'Từ những người đã mang đến cho bạn Run Race 3D.\r\nTrải nghiệm parkour trọn vẹn với hàng trăm cấp độ độc đáo.\r\nĐua với những người khác, đạt được cấp độ, mở khóa các nhân vật mới.\r\nMỗi cấp độ mang đến một trải nghiệm thú vị độc đáo mới. Rất dễ dàng để chơi.\r\n', 'Giữ để chạy, thả ra để dừng.\r\nBạn có những gì nó cần để đạt được để kết thúc?\r\nHãy cùng trải nghiệm game hot nhất năm 2021 này nhé!', 4, 19, '1619712231_FunRace3D.zip'),
(21, 'Earn to Die', '021', '0', '1619712400_EarntoDieICON.jpg', '1619712400_EarntoDie1.jpg', '1619712400_EarntoDie2.jpg', '1619712400_EarntoDie3.jpg', 'Lái xe theo cách của bạn thông qua một ngày tận thế zombie!\r\n\r\nBạn đã sẵn sàng để lái xe cho cuộc sống của bạn? Loạt trò chơi trực tuyến nổi tiếng đã có HƠN 200 TRIỆU NGƯỜI CHƠI đã được cải tiến và thiết kế lại cho điện thoại di động và máy tính bảng của bạn, lớn hơn và tốt hơn bao giờ hết!\r\n\r\nBạn đang bị mắc kẹt trong một sa mạc bị bao quanh bởi những thây ma. Chỉ với một chiếc ô tô đang chạy và một số tiền mặt nhỏ tùy ý sử dụng, nhiệm vụ của bạn sẽ sớm trở nên rõ ràng - lái xe qua đám thây ma để thoát khỏi ... sống sót!\r\n\r\nTHẾ HỆ HÀNH ĐỘNG, LÁI XE VÀ NÂNG CẤP TỐT NHẤT\r\nEarn to Die cho thấy bạn không chỉ lái xe theo cách của mình qua đám zombie mà còn cho phép bạn kiếm tiền để nâng cấp, mở khóa và tùy chỉnh các phương tiện mới. Phương tiện của bạn không đủ mạnh? Tại sao không thêm một khẩu súng, tên lửa đẩy, hoặc thậm chí là một khung cỗ gai?\r\nCác tính năng chính\r\n● CHẾ ĐỘ CÂU CHUYỆN hoàn toàn mới và mở rộng cho thấy bạn lái xe xuyên quốc gia trong ngày tận thế thây ma\r\n● 8 PHƯƠNG TIỆN bạn tùy ý sử dụng, bao gồm xe đua, xe tải và thậm chí cả xe buýt đưa đón học sinh!\r\n● NÂNG CẤP GALORE! Chỉ mở khóa một chiếc xe là không đủ, hãy tùy chỉnh từng chiếc xe với một loạt các nâng cấp\r\n● Zombiesssssssssssss ... Rất nhiều thây ma ... Hãy nhớ giới thiệu chúng với cản trước y tá của bạn\r\n● Một công cụ vật lí ragdoll thực tế cho phép bạn đem vào thây ma và khiến chúng bay!\r\n● Chuỗi hoạt ảnh tuyệt vời\r\n● Chạy đua để giành thời gian tốt nhất trong Chế độ vô địch\r\n● Sống sót sau ngày tận thế thây ma? Đập phá bí ngô trong Chế độ Halloween\r\n', 'Với hơn 200 triệu lượt chơi cho phiên bản trực tuyến gốc, hãy là một trong những người đầu tiên tải xuống phiên bản mở rộng, LỚN HƠN và TỐT HƠN cho thiết bị Android của bạn.', 4, 20, '1619712400_EarntoDie.zip'),
(22, 'Garena Liên Quân Mobile', '022', '150000', '1619712525_GarenaLienQuan MobileICON.jpg', '1619712525_GarenaLienQuan Mobile1.jpg', '1619712525_GarenaLienQuan Mobile2.png', '1619712525_GarenaLienQuan Mobile3.jpg', '1. Chỉ cần 1 click để tải ngay game chiến thuật hàng đầu Việt Nam.\r\n2. Tải game và chiến hoàn toàn FREE\r\n\r\nTẢI FREE NGAY\r\n\r\nCó gì mới?\r\n● Làm lại tính năng Đá toả sáng 2.0 – Gia tăng tính chiến thuật\r\n● Làm lại tinh năng Tiến hoá 2.0 – Tiến hoá đơn giản và dễ dàng, trang phục tiến hoá lên tới tối thượng\r\n● Chế độ mới: Đấu trường sinh tử 2.0\r\n● Tối ưu hiển thị trong trận đấu\r\n● Điều chỉnh cân bằng sức mạnh tướng và trang bị\r\n\r\nĐẤU TRƯỜNG HUYỀN THOẠI – THẮNG BẠI TẠI KỸ NĂNG!\r\nCùng sát cánh với liên minh của bạn trên đấu trường 5v5 hoàn toàn mới & FREE!\r\n\r\nGI?I THIỆU\r\nHãy khẳng định bản thân, sát cánh đồng đội và thách đấu hàng triệu người chơi khác qua vô số những cuộc chiến 5v5 cực hay trên đấu trường huyền thoại MOBA Esports 5v5 của Garena Liên Quân Mobile – thắng bại tại kỹ năng!\r\nTham gia ngay vào những Liên Minh Clan trong trò chơi để cùng chiến đấu và trở thành huyền thoại trong game MOBA Esports PC nổi tiếng thế giới.\r\n\r\nHãy chọn ngay một biệt danh vừa chất vừa hay, gia nhập thế giới huyền thoại MOBA Esports 5v5 của Garena Liên Quân Mobile và khiến toàn bộ thế giới biết đến tên của bạn!\r\n\r\nTÍNH NĂNG\r\n\r\n1. Chế độ chơi đa dạng, thỏa sức chiến đấu\r\nBên cạnh bản đồ 5v5, người chơi có thể thỏa sức cùng bạn bè trải nghiệm các bản đồ tùy biến khác như 5v5 ngẫu nhiên, 3v3, 1v1, và những chế độ chơi đặc biệt cực hay & FREE liên tục được cập nhật siêu tốc như Garena Cờ Liên Quân/ Liên Quân chess thuộc dạng game auto chess đã được ra mắt\r\n\r\n2. Giao tranh liên tục, so tài kỹ năng\r\nChiến thắng dựa trên ba và chỉ ba yếu tố then chốt bảo đảm công bằng tuyệt đối đúng chất MOBA Esports: kỹ năng, đồng đội, và chiến thuật. Cùng chọn một Liên Minh trong game và nhanh tay chiến thôi nào. Let’s become legends by your skill!\r\n\r\n3. Chơi mọi lúc mọi nơi & hoàn toàn FREE\r\nTải game siêu tốc. Tìm trận và chiến trong chớp mắt. Có thể lựa chọn chiến trường 5v5 hoặc mode auto chess (Cờ Liên Quân) cực hấp dẫn. Chỉ 10 phút một trận, tha hồ thoải mái chơi Garena Liên Quân Mobile bất kỳ đâu, vào bất kỳ lúc nào, chiến Liên Quân siêu tốc đặc biệt hoàn toàn FREE!\r\n\r\n4. Thao tác đơn giản, dễ dàng làm quen\r\nHệ thống điều khiển tối giản đầy tinh tế gồm chỉ 2 ô phím ảo. Người chơi sẽ chỉ cần dùng 2 ngón tay, và dưới 5 giây trải nghiệm để sẵn sàng thách thức mọi cuộc chiến! Tốc độ siêu nhanh, dễ dàng điều khiển.\r\n\r\n5. Voice chat tiện dụng, giao tiếp dễ dàng\r\nHệ thống tích hợp voice chat thời gian thực, và bộ chat nhanh linh hoạt tùy biến theo ý muốn. Diễn biến trận đấu nhanh đến đâu, tốc độ giao tiếp sẽ càng nhanh & tiện lợi đến đấy. Nhớ dùng voice chat để giao tiếp với Liên Minh Clan của mình nhé.\r\n\r\n6. Cạnh tranh đấu hạng, thách thức đỉnh cao\r\nBang bang… Chỉ với vài phát súng ở cuối hiệp đã có thể phân định thắng bại. Hãy tham gia đấu hạng khốc liệt đầy tính MOBA Esports, thể hiện bản lĩnh trên Bảng xếp hạng huyền thoại của Garena Liên Quân Mobile. Tìm trận hạng siêu tốc, chiến Liên Quân siêu tốc.\r\n\r\n7. Tướng và trang phục hợp tác thương hiệu độc đáo chỉ có ở Garena Liên Quân Mobile\r\nHàng loạt tướng và trang phục chất đến từ những đối tác nổi tiếng: Superman, Batman, Wonder Woman, Joker,... đến từ DC Comic, Kirito và Asuna từ Sword Art Online, bộ trang phục Ultraman, Murad MTP thần tượng học đường... và hứa hẹn sẽ còn nhiều hơn trong tương lai!\r\n', '• Garena Liên Quân Mobile VN, còn gọi là Garena Arena of Valor, AOV hay ROV là tựa game FREE cực nhiều người chơi tại Việt Nam và nổi tiếng trên thế giới. Ở Việt Nam, game thủ hay gọi tắt là Liên Quân, LQ hay Liên Quân mobi.\r\n• Garena Liên Quân Mobile VN liên tục cập nhật các chế độ mới đa dạng: Đấu Đỉnh cao đưa xếp hạng lên tầm cao mới, Đấu Nhân bản tại bản đồ Low poly siêu nhẹ, Cờ Liên Quân (aka Cờ nhân phẩm), thuộc dạng auto chess mobile sử dụng những tướng nguyên bản trong game, rất dễ dàng chơi và làm quen.\r\n', 1, 21, '1619712525_GarenaLienQuan Mobile.zip'),
(23, 'Minecraft', '023', '0', '1619712646_MinecraftICON.jpg', '1619712646_Minecraft1.jpg', '1619712646_Minecraft2.jpg', '1619712646_Minecraft3.jpg', 'Khám phá thế giới vô tận và xây dựng mọi thứ từ những ngôi nhà đơn giản nhất đến những lâu đời lớn nhất. Chơi ở chế độ sáng tạo với tài nguyên không giới hạn hoặc khai thác sâu vào thế giới trong chế độ sinh tồn, chế tạo vũ khí và cơ giáp để chống lại đám đông nguy hiểm. Tạo, khám phá và tồn tại một mình hoặc với bạn bè trên thiết bị di động hoặc Windows 10.\r\n\r\nMỞ RỘNG TRÒ CHƠI CỦA BẠN:\r\nMarketplace - Khám phá những sáng tạo mới nhất của cộng đồng trên thị trường! Nhận bản đồ, giao diện và ghi họa tiết độc đáo từ những người sáng tạo yêu thích của bạn.\r\n\r\nLệnh châm - Chỉnh sửa cách chơi của trò chơi: bạn có thể tặng vật phẩm, triệu hồi mob, thay đổi thời gian trong ngày và hơn thế nữa.\r\n\r\nTiện ích bổ sung - Tùy chỉnh trải nghiệm của bạn hơn nữa với các Tiện ích bổ sung miễn phí! Nếu bạn thiên về công nghệ hơn, bạn có thể sửa đổi các hành vi theo hướng dữ liệu trong trò chơi để tạo các ghi tài nguyên mới.\r\n', 'Chơi với tối đa 10 người bạn trên nhiều nền tảng, mọi lúc, mọi nơi trên Realms, máy chủ riêng của bạn mà chẳng tái lưu trữ cho bạn. Dạng thử 30 ngày dùng thử miễn phí trong ứng dụng.\r\n\r\nNhiều người chơi - Chơi với tối đa 4 người bạn bằng tài khoản Xbox Live miễn phí trực tuyến.\r\nMáy chủ - Tham gia các máy chủ nhiều người chơi miễn phí và chơi với hàng nghìn người khác! Khám phá thế giới khổng lồ do cộng đồng điều hành, cạnh tranh trong các trò chơi nhỏ độc đáo và giao lưu trong các hành lang với đầy những người bạn mới!\r\n', 1, 22, '1619712646_Minecraft.zip'),
(24, 'Among Us', '024', '0', '1619715797_AmongUsICON.png', '1619715797_AmongUs1.jpg', '1619715797_AmongUs2.jpg', '1619715797_AmongUs3.jpg', 'Chơi trực tuyến hoặc qua WiFi cục bộ với 4-10 người chơi khi bạn cố gắng chuẩn bị cho tàu vũ trụ của mình để khởi hành, nhưng hãy cẩn thận vì một người sẽ trở thành kẻ mạo danh muốn giết tất cả mọi người!\r\n\r\nThuyền viên có thể giành chiến thắng bằng cách hoàn thành tất cả các nhiệm vụ hoặc phát hiện và bỏ phiếu cho kẻ mạo danh ra khỏi tàu.\r\n', 'Kẻ mạo danh có thể sử dụng phá hoại để gây ra hỗn loạn, giúp giết người dễ dàng hơn và hoạt động tốt hơn.', 1, 24, '1619715797_AmongUs.zip');
INSERT INTO `tbl_sanpham` (`thutu`, `ten_sanpham`, `ma_sanpham`, `gia_sanpham`, `hinhanh`, `hinh_1`, `hinh_2`, `hinh_3`, `mota`, `thongtin`, `danhmuc`, `nhaphattrien`, `download`) VALUES
(25, 'Hitman Sniper', '025', '0', '1619715941_HitmanSniperICON.jpg', '1619715941_HitmanSniper1.jpg', '1619715941_HitmanSniper2.jpg', '1619715941_HitmanSniper3.jpg', 'Bước vào đôi giày của Đặc vụ 47 trong Hitman Sniper và chơi trò chơi bắn tỉa hay nhất trên di động.\r\n\r\nCHƠI TR? CHƠI NHIỆM VỤ SNIPER CHIẾN THUẬT\r\nHãy tấn công với kỹ năng bắn súng chiến lược, hoàn thành nhiệm vụ của bạn để dàn dựng phát bắn giết người ám sát hoàn hảo.\r\n\r\n\r\nZOMBIES TRẬN CHIẾN TRONG THỜI GIAN CHẾT\r\nKêu gọi hành động bắn súng không ngừng nghỉ như một thợ săn thây ma, trong một trận chiến thực sự về kỹ năng và tốc độ thực hiện của bạn.\r\n\r\nHơn 150 NHIỆM VỤ & 10 HỢP ĐỒNG KH?C NHAU\r\nCải thiện kỹ năng tấn công của bạn trên thiết bị di động để có một vụ ám sát hoàn hảo khi bạn khám phá ra những bí mật về kẻ khuất phục trong trò chơi vui nhộn này.\r\n\r\nTRÒ CHƠI SNIPER ĐẸP NHẤT\r\nĐồ họa tuyệt vời và mượt mà tạo nên lối chơi gây nghiện trên đầu một câu chuyện ly kỳ.\r\n\r\nCHƠI VỚI 16 SÚNG ĐỘC ĐÁO\r\nLoại bỏ mục tiêu, thu thập các bộ phận vũ khí và hoàn thành bản thiết kế để mở khóa những khẩu súng mạnh nhất.\r\n', 'Tăng điểm số của bạn và leo lên hàng ngũ sát thủ theo hợp đồng kinh điển với những pha giết sát thủ sáng tạo cổ điển để trở thành sát thủ thầm lặng giỏi nhất thế giới.', 1, 25, '1619715941_HitmanSniper.zip'),
(26, 'League of Stickman Free', '026', '0', '1619716166_LeagueofStickmanFreeICON.jpg', '1619716166_LeagueofStickmanFree1.jpg', '1619716166_LeagueofStickmanFree2.jpg', '1619716166_LeagueofStickmanFree3.jpg', 'Dreamsky Games: Rất hạnh phúc!\r\n\r\nLeague of Stickman là một trong những trò chơi di động hành động chéo theo phong cách người que, đó là các máy bay chiến đấu bóng tối, tiêu diệt tất cả kẻ thù! thổi tất cả quái vật! Thử thách cuối cùng! Chiến đấu thời gian thực đa anh hùng nguyên bản, cảm giác chiến đấu mạnh mẽ với hiệu ứng âm thanh hoàn hảo, mang đến cho bạn trải nghiệm chiến đấu khác biệt.\r\n\r\nĐặc trưng:\r\n[Trò chơi hành động võ sĩ bóng đêm]\r\nBạn có thể trải nghiệm cảm giác hồi hộp với các tính năng như Double-Hits, Levitation và Deadly Combos! Hãy đến để cảm nhận sức nặng và giết một số quái vật!\r\n\r\n[Anh hùng tham gia lực lượng]\r\nThêm nhiều anh hùng được mở khóa và nhiều anh hùng hơn để hợp tác! Tham gia lực lượng với những người khác để chống lại Monster King BOSS! Chọn đội của riêng bạn ngay bây giờ và bắt đầu chiến đấu!\r\n\r\n[Nhiều kí tự]\r\nNhiều anh hùng stickman đang chờ bạn lựa chọn: Ninja ， Gus, Athy, Feist, Bladey, Zilong, chiến binh bóng tối, Monk và hơn thế nữa.\r\n\r\n[Trải nghiệm trực quan]\r\nĐồ họa chất lượng cao! Hiệu ứng đặc biệt tuyệt đẹp!\r\n\r\n[Hoạt động đơn giản và trơn tru]\r\nTự do chuyển đổi giữa các anh hùng và thành thạo bốn kỹ năng khác nhau của họ. Bạn sẽ có trải nghiệm chiến đấu tốt nhất mà bạn từng có!\r\n', 'Chúng tôi cung cấp bảng thành tích thế giới, bảng thành tích quốc gia và bảng thành tích bạn bè. Nhóm của bạn có thể cạnh tranh với những người chơi trên khắp thế giới. Đánh bại tất cả những người khác và trở thành nhà vô địch!', 1, 26, '1619716166_LeagueofStickmanFree.zip'),
(27, 'Fruit Ninja', '027', '0', '1619716440_FruitNinjaICON.jpg', '1619716440_FruitNinja1.jpg', '1619716440_FruitNinja2.jpg', '1619716440_FruitNinja3.jpg', 'Chào mừng đến với võ đường, ninja. Mục tiêu của bạn: trở thành một bậc thầy về cắt trái cây! Còn cách nào tốt hơn để làm điều đó ngoài việc chơi Fruit Ninja, trò chơi di động cắt trái cây ăn khách gốc? ?\r\n\r\nTháo lưỡi dao của bạn và bắt đầu cuộc tàn sát ngon lành với ba chế độ chơi cổ điển mà hàng tỷ người chơi đã biết và yêu thích. Trải nghiệm cảm giác hồi hộp khi thiết lập một điểm số cao mới trong chế độ Arcade được người hâm mộ yêu thích khi bạn tập trung vào việc né bom và cắt các đòn kết hợp lớn với sự trợ giúp của Double Score, Freeze hoặc Frenzy chuối đặc biệt. Cần một cái gì đó ít dữ dội hơn? Đơn giản chỉ cần thư giản và giảm bớt căng thẳng trong Chế độ Zen. Cuối cùng, cắt càng nhiều càng tốt trong chế độ Cổ điển vô tận - chỉ cần tránh bom và đảm bảo bạn không làm rơi trái cây! Làm cho trò chơi của bạn trở nên thú vị hơn bằng cách trang bị sức mạnh đặc biệt sẽ giúp tăng điểm số của bạn. \r\n\r\nKhi bạn đã mài giũa các kỹ năng và phản xạ của m?=ình, hãy thử nghiệm chúng ở chế độ Sự kiện, nơi bạn sẽ bước vào các cuộc đụng độ đầy thử thách và gay cấn với các nhân vật như Truffles the pig, Mari và Rinjin để có cơ hội giành được những thanh kiếm và dojos độc đáo được sử dụng trong chế độ Cổ điển, Zen và Arcade. Thêm gia vị cho ngày của bạn và làm cho bản thân tràn đầy năng lượng hơn trong chế độ Thử thách hàng ngày của chúng tôi - bạn có thể vượt qua các ninja khác để giành được giải thưởng đặc biệt và vinh quang không? ?\r\n\r\nChứng minh với bạn bè và gia đình của bạn rằng bạn là ninja hàng đầu. Cho họ thấy bạn có thể cắt giảm bao nhiêu trong một trận đấu nhiều người chơi cục bộ trên màn hình chia sẻ hoặc so sánh điểm số của bạn với bạn bè để vượt qua các thứ hạng và đạt đến đầu bảng xếp hạng! Fan cuồng của Fruit Ninja: Puss in Boots? Hãy chắc chắn để thử thách bản thân với các trò chơi nhỏ giải trí và gây nghiện và tìm thấy yêu thích của bạn! ?\r\n', 'Bạn còn chờ gì nữa? Cho dù bạn đang chơi để giải trí và cố gắng thư giản và vượt qua thời gian, hoặc cố gắng cải thiện kỹ năng của bạn như một ninja bậc thầy, đây là trò chơi dành cho bạn. Hãy tận hưởng sự thú vị và tin vào sự cường điệu của Fruit Ninja - hãy chặt lấy! ?️', 1, 27, '1619716440_FruitNinja.zip'),
(28, 'Gangstar Vegas', '028', '0', '1619716525_GangstarVegasICON.jpg', '1619716525_GangstarVegas1.jpg', '1619716525_GangstarVegas2.jpg', '1619716525_GangstarVegas3.png', ' Sẵn sàng để tung xúc xắc vào cuộc sống tội phạm? Sau đó, thành phố Las Vegas đang chờ đợi một tên xã hội đen như bạn!\r\nLuôn luôn là mùa tội ác đối với các băng đảng và băng đảng mafia, vì vậy chỉ có một ngôi sao nhạc rock thực sự mới có thể sống sót trong trò chơi TPS Gameloft nổi tiếng, Gangstar Vegas!\r\n Chạy miễn phí trong một thế giới trò chơi mở rộng lớn đầy rẫy những cuộc chiến băng đảng; kẻ trộm cắp bất chấp; phó tất cả các đường phố và người dân địa phương; đua ô tô, mô tô, xe tải và thuyền; bắn súng và hành động bắn tỉa; những âm mưu gia tộc; nỗi kinh hoàng trên đường phố với trò bắn zombie; những trận đánh nhau trên đường phố đáng kinh ngạc; và các nhiệm vụ hành động hoàn toàn thú vị và hoàn toàn hoang dã khác với vũ khí và phương tiện, giống như trong các bộ phim tội phạm yêu thích của bạn!\r\n\r\nV LÀ CHO LAS VEGAS: THÀNH PHỐ CỦA SIN\r\n Khám phá từng inch của thành phố rộng mở này, nơi mọi thành phố đều có giá. Khám phá từng nhiệm vụ hành động TPS, thử thách đua xe với tất cả các loại phương tiện, vũ khí và quần áo bí mật thu thập được, đồng thời thực hiện hành vi trộm cắp ô tô lớn như một ngôi sao nhạc rock thực sự đang tung hoành trên đường phố.\r\n Trở thành một phần của câu chuyện phiêu lưu kỳ diệu của các băng đảng mafia & các cuộc chiến giữa các băng đảng như trong những bộ phim tội phạm hay nhất. Các nhiệm vụ không bao giờ dừng lại ở thành phố nguy hiểm và tội phạm này. Ăn cắp bất cứ thứ gì bạn cần và đánh bại những thứ đó theo cách của bạn — đánh nhau trên đường phố là một cách sống ở đây. Mafia sẽ không bao giờ thất bại bạn!\r\nTrò chơi thế giới tội phạm xã hội đen này có đầy đủ các nhiệm vụ hành động nổ súng sáu súng, đánh đấm bốc ban đêm, đánh nhau trên đường phố mọi lúc và mọi nơi, lái xe trong thành phố điên cuồng với các phương tiện khác nhau và dạo chơi khắp thế giới mở rộng lớn!\r\n\r\nINSANE GANGSTER OPEN-WORLD ENCOUNTERS\r\nBắt đầu câu chuyện Vegas đua tim của bạn bằng cách đấm bốc cho băng đảng mafia. Nhưng bạn sẽ sớm được tự do nhận giải thưởng lớn thực sự khi gửi các băng nhóm tội phạm mạo hiểm của riêng mình so với thế giới băng đảng của thành phố Las Vegas.\r\nTiếp tục chiến đấu cho cuộc sống của bạn thông qua mỗi nhiệm vụ đầy phiêu lưu (hơn 80!) Đầy cướp và trộm cắp, đua xe tự động, hành động bắn súng ở khắp mọi nơi, chuyển vùng về TPS thú vị!\r\nBạn không bao giờ biết mình sẽ chiến đấu gì tiếp theo, vì các cuộc chiến tranh ngoài hành tinh, làn sóng xe tăng và gia tộc thây ma chỉ ngang bằng với khoa học ở thành phố xã hội đen với mùa tội phạm không bao giờ kết thúc này.\r\nLái xe trong thành phố vượt qua mọi giới hạn! Đây không phải là một trò chơi cướp, nhưng trộm luôn là một lựa chọn khi bạn cần một chiếc xe hơi trên những con phố bị chiến tranh tàn phá này!\r\n\r\nNHIỆM VỤ HÌNH SỰ: VŨ KHÍ VÀ VŨ KHÍ ĐỂ THƯƠNG MẠI\r\nMở cuộc chiến băng đảng với một tiếng nổ lớn bằng cách chiến đấu với súng phun lửa, cocktail Molotov, súng phóng lựu và thậm chí cả hỏa lực của tương lai! Hãy thử nhiều loại vũ khí huyền thoại, phương tiện đáng kinh ngạc và bất cứ thứ gì khác mà kế hoạch xoắn của bạn yêu cầu.\r\nTrở thành một tay xã hội đen ngôi sao nhạc rock khi bạn tùy chỉnh các kỹ năng TPS và thiết bị trong trò chơi để có hành động tối đa trong câu chuyện phiêu lưu này.\r\n Thỏa sức thể hiện phong cách với hàng tỉ trang phục cho phép bạn trở thành cao thủ Las Vegas, trùm xã hội đen thây ma tuyệt vời, trùm mafia, nhà vô địch quyền anh thế giới, đua xe chuyên nghiệp với các loại xe khác nhau, bậc thầy chiến đấu Thiếu Lâm, võ sĩ đường phố trong băng nhóm, bắn tỉa của tương lai , bạn là ngôi sao nhạc rock thực sự, và nhiều hơn thế nữa!\r\n', 'KHÔNG BAO GIỜ KẾT THÚC VUI VẺ VÀ GIẢI TRÍ CHO NGƯỜI LỚN\r\nKhông ai có thể ngăn bạn có trải nghiệm chuyển vùng tốt nhất có thể trong thế giới mở đầy thú vị vô hạn này. Tôi muốn thấy cảnh sát cố gắng ngăn cản bạn!\r\nCác cuộc chiến băng đảng đang diễn ra, vì vậy hãy tham gia và cho họ thấy ai là ngôi sao nhạc rock thực thụ!\r\n', 1, 12, '1619716525_GangstarVegas.zip'),
(29, 'The Walking Zombie II', '029', '0', '1619716707_TheWalkingZombieIIICON.png', '1619716707_TheWalkingZombieII1.jpg', '1619716707_TheWalkingZombieII2.jpg', '1619716707_TheWalkingZombieII3.png', 'ZOMBIES !! Thế giới sau ngày tận thế thây ma là một nơi nghiệt ngã. Bạn được sinh ra trong đó, vì vậy bạn sẽ phải đấu tranh để tồn tại và chiến đấu chống lại nhiều loại thây ma, kẻ cướp và những con quái vật trùm nguy hiểm. Bạn sẽ thực hiện các nhiệm vụ cốt truyện quan trọng và nhiều nhiệm vụ phụ, nâng cấp kỹ năng và đặc quyền của mình, bán và mua thiết bị cũng như giao tiếp với những người sống sót may mắn (chưa) trong FPS / RPG di động miễn phí của chúng tôi.\r\n\r\nRPG SURVIVAL RPG VÀ NGƯỜI BẮN CÁ NHÂN ĐẦU TIÊN\r\nWalking Zombie 2 là một trò chơi FPS cổ điển với cốt truyện, với hàng chục nhiệm vụ và rất nhiều trò bắn súng với các loại vũ khí khác nhau - đây cũng là một trò chơi bạn có thể chơi ngoại tuyến, không cần kết nối internet. Kẻ thù chính của bạn là những thây ma đã kiểm soát thế giới. Ch?ng ở khắp mọi nơi, với nhiều loại khác nhau và - quan trọng nhất - với số lượng lớn. Bạn sẽ sử dụng súng với đạn, lựu đạn hoặc vũ khí cận chiến khác nhau để kết liễu chúng. Trong khi đó, bạn sẽ có thể tự chữa bệnh bằng thiền và thức ăn. Khi bạn hoàn thành ngày càng nhiều nhiệm vụ, nhân vật của bạn sẽ trở nên mạnh mẽ hơn với trang bị tốt hơn, kỹ năng nâng cao và đặc quyền nhận được. Bạn sẽ nhận được nhiều điểm trúng hơn, cơ hội tốt hơn khi bẻ khóa hoặc tiêu thụ nhiên liệu thấp hơn khi lái xe trên bản đồ thế giới? Bạn sẽ làm gì để hạn chế ảnh hưởng của người chết đối với thế giới?\r\n\r\nĐẶC TRƯNG\r\n• FPS chơi đơn cổ điển thời hậu khải huyền\r\n• Phong cách đồ họa đa giác hiện đại hấp dẫn\r\n• Hệ thống Karma - hành động tốt và xấu tạo ra các lựa chọn và cuộc gặp gỡ mới\r\n• Hàng chục câu chuyện và nhiệm vụ phụ\r\n• Nhiều vũ khí, đồ bảo hộ và các thiết bị khác - trở thành đội sinh tồn của riêng bạn\r\n• Trò chơi sinh tồn ngoại tuyến - bạn có thể chơi ngoại tuyến\r\n• Chế tạo và xây dựng tùy chọn trong phần thế giới mở của trò chơi\r\n• Da vũ khí\r\n• Nhiều loại kẻ thù - zombie đi bộ, kẻ cướp và những tên trộm đột biến khổng lồ\r\n• Thương nhân trong các khu định cư\r\n• Bạn có thể hoàn thành các nhiệm vụ tùy chọn cho thợ săn zombie Ace\r\n• ô tô và xe tải - nhanh hơn đi bộ và bạn có thể tích trữ thêm chiến lợi phẩm từ người chết trong thùng xe!\r\n• Trò chơi nhỏ vui nhộn\r\n', 'CÂU CHUYỆN VỀ CHOSEN MỘT NGƯỜI CÓ QUÁ KHỨ\r\nLiệu câu chuyện của bạn có thể kết thúc có hậu sau một khởi đầu bi thảm như vậy không? Bởi vì hoàn cảnh xung quanh việc sinh ra của bạn, bạn là người duy nhất có thể cứu thế giới. Bạn được miễn nhiễm với tác động của vi rút biến người và động vật thành thây ma. Điều đó cũng khiến bạn trở thành một vũ khí hoàn hảo để chống lại các bậc thầy undead của hành tinh và là biểu tượng của hy vọng cho một ngày mai tốt đẹp hơn. Cùng với những người bạn mà bạn sẽ thực hiện trên con đường của mình, tìm ra toàn bộ sự thật về nguồn gốc của bạn và tìm kiếm cách tạo ra thuốc chữa bệnh, bất chấp những nguy hiểm rình rập đằng sau mọi ngóc ngách.\r\n\r\nCHỤP ẢNH ZOMBIE 3D MÀ MỞ RỘNG KÉO\r\nChúng tôi vẫn đang làm việc chăm chỉ về nội dung mới cho trò chơi. Không chỉ có nhiều vòng cung câu chuyện hơn, nơi bạn khám phá biên giới thây ma nguy hiểm này và cố gắng làm cho thế giới trở nên tốt đẹp hơn cho cuộc sống vì cuộc sống. Chúng tôi làm việc trên cơ chế mới để bạn có thể chế tạo những thứ để sinh tồn của mình như khí đốt và đạn trên bản chế tạo trong những ngôi nhà bạn mua. Ngoài ra, không chỉ người chết sẽ là mục tiêu của bạn và hành động của bạn có thể kích hoạt lòng thù hận ở một số người sống sót - kẻ cướp, chính trị gia hư hỏng, tín đồ sùng bái, băng đảng, v.v. Thời đại xác sống vẫn tiếp tục nhưng với những công cụ mới trong kho vũ khí của bạn, bạn sẽ có thể chịu đựng nó!\r\n', 1, 28, '1619716707_TheWalkingZombieII.zip'),
(30, 'Bomber Friends', '030', '0', '1619716913_BomberFriendsICON.jpg', '1619716913_BomberFriends1.jpg', '1619716913_BomberFriends2.jpg', '1619716913_BomberFriends3.jpg', 'Nhận Bomber Friends ngay bây giờ và tham gia trò chơi nhiều người chơi trực tuyến và càng náo nhiệt và thú vị! Đánh bom bạn bè của bạn và là người cuối cùng sống sót để giành chiến thắng trong trận đấu!\r\nThu thập sức mạnh để nhận được nhiều bom mạnh mẽ hơn! Sử dụng bom nổ để phá hủy bạn bè của bạn trên khắp bản đồ!\r\nĐấu trường nhiều người chơi mới làm cho việc chơi trò chơi trực tuyến trở nên tuyệt vời hơn và bổ ích hơn! Thu thập bộ bài chiến đấu của riêng bạn và tạo chiến lược chơi của riêng bạn. Nâng cấp các thẻ để có được những quả bom đặc biệt tốt hơn. Kiếm huy chương và vươn tới những đấu trường cao hơn!\r\n\r\nTính năng trò chơi:\r\n- Nhiều người chơi trực tuyến cho 2-8 người chơi! Thách thức bạn bè của bạn hoặc chơi với đối thủ ngẫu nhiên.\r\n- Tạo hoặc tham gia một gia tộc và chơi với bạn bè trong gia tộc của bạn!\r\n- Cạnh tranh trên các đấu trường trực tuyến để đạt đến tầm cao mới và mở khóa các loại bom, sức mạnh và trang phục mới thú vị! Người đàn ông hoặc phụ nữ đánh bom giỏi nhất thu thập nhiều huy chương trong trò chơi nhất.\r\n- Các loại bom đặc biệt khác nhau để làm nổ tung kẻ thù thành màn hình mờ. Thu thập boong chiến đấu của riêng bạn!\r\n- Thu thập powerups và đề phòng những lời nguyền độc ác.\r\n- Lối chơi theo phong cách Máy bay ném bom cổ điển, với các nút điều khiển được đánh bóng cho màn hình cảm ứng!\r\n', '- Chế độ Chiến dịch một người chơi với hơn 300 cấp độ! Tìm đường qua 6 thế giới khác nhau đầy rẫy những con quái vật ranh ma và những câu đố khó hiểu!\r\n- Săn tiền thưởng hàng ngày! Sự kiện hàng tuần!\r\n- Phần thưởng và chủ đề mới mỗi Mùa!\r\n- Chạy trong ngục tối, Nhiệm vụ và các thử thách khác!\r\n- Tùy chỉnh nhân vật của bạn với những chiếc mũ, bộ quần áo, phụ kiện, chế độ chế nhạo và lời chào!\r\n- Chọn một bia mộ đặc biệt và đi ra ngoài theo phong cách! Ám ảnh những người chơi khác như một bóng ma!\r\n- Tham gia cuộc thi trang phục!\r\n- Bomber Friends có hỗ trợ bộ điều khiển trò chơi phổ quát!\r\n- Hỗ trợ Android TV!\r\n- Rất nhiều và rất nhiều tính năng trò chơi mới và thú vị trên các đấu trường trực tuyến dành cho các game thủ máy bay ném bom thực thụ!\r\n', 1, 29, '1619716913_BomberFriends.zip'),
(31, 'Zalo – Chia sẽ yêu thương', '031', '0', '1619762252_ZaloICON.png', '1619762252_Zalo1.jpg', '1619762252_Zalo2.jpg', '1619762252_Zalo3.png', 'Zalo là ứng dụng nhắn tin mới dẫn đầu thị trường với những tính năng tuyệt vời.\r\n\r\n* Bộ tính năng phong phú:\r\n=> Nhắn tin cho bạn bè của bạn trong tích tắc. Nhận thông báo ngay khi họ trả lời lại.\r\n=> Thể hiện cảm xúc của bạn với các biểu tượng cảm xúc và nhãn dán vui nhộn và vui vẻ.\r\n=> Gửi tin nhắn thoại với chất lượng tuyệt vời và không có tiếng ồn bên ngoài\r\n=> Tìm và làm quen với những người bạn ở gần\r\n=> Gửi tin nhắn nhóm dễ dàng mà không tốn nhiều công sức\r\n=> Tích hợp với các mạng xã hội như Facebook và Google+\r\n=> Mức độ riêng tư cao\r\n', 'Tải Zalo và trò chuyện với bạn bè của bạn! ', 2, 30, '1619762252_Zalo.zip'),
(32, 'Messenger', '032', '0', '1619762418_MessengerICON.jpg', '1619762418_Messenger1.jpg', '1619762418_Messenger2.jpg', '1619762418_Messenger3.jpg', 'Ở bên nhau bất cứ khi nào, với ứng dụng giao tiếp tất cả trong một ô miễn phí của chúng tôi, hoàn chỉnh với các tính năng nhắn tin, thoại, gọi điện video và trò chuyện video nhóm không giới hạn. Dễ dàng đồng bộ hóa tin nhắn và danh bạ của bạn với điện thoại Android và kết nối với bất kỳ ai, ở bất kỳ đâu.\r\n\r\nTIN NHẮN VÀ GỌI ĐIỆN ỨNG DỤNG CROSS\r\nKết nối với bạn bè trên Instagram của bạn ngay từ Messenger. Đơn giản chỉ cần tìm kiếm họ theo tên hoặc tên người dùng để nhắn tin hoặc gọi điện.\r\n\r\nCHẾ ĐỘ VANISH\r\nGửi tin nhắn chỉ tồn tại trong giây lát. Chọn sử dụng chế độ biến mất trong đó các tin nhắn đó thấy sẽ biến mất sau khi bạn thoát khỏi cuộc trò chuyện.\r\n\r\nNHỮNG THIẾT LẬP RIÊNG TƯ\r\nCài đặt bảo mật mới cho phép bạn chọn người có thể liên hệ với bạn và nơi gửi tin nhắn của bạn.\r\n\r\nPHẢN ỨNG TÙY CHỈNH\r\nMất lời? Bạn có thể tùy chỉnh phản ứng của mình, với rất nhiều biểu tượng cảm xúc khác để lựa chọn.\r\n\r\nTRÒ CHUYỆN CHỦ ĐỀ\r\nChọn từ các chủ đề về màu sắc vui nhộn, chẳng hạn như Tie-Dye hoặc Love, để làm cho các cuộc trò chuyện của bạn trở nên cá nhân hơn.\r\n\r\nXEM CÙNG NHAU\r\nXem video, chương trình truyền hình và phim với bạn bè của bạn qua Trò chuyện video và Phòng trên Messenger khi bạn không thể ở cùng nhau. Ghi lại mọi khoảnh khắc và phản ứng trong thời gian thực.\r\n\r\nHÃY ĐỂ NHÓM CÙNG CÁC PHÒNG\r\nGửi liên kết đến trò chuyện video nhóm với bất kỳ ai, ngay cả khi họ không có Messenger. Lưu trữ tối đa 50 người không giới hạn thời gian.\r\n\r\nMIỄN PHÍ * CUỘC GỌI VIDEO ĐỂ CÒN ĐƯỢC KẾT NỐI\r\nGiữ bạn bè và gia đình của bạn gần gũi với trò chuyện video trực tiếp không giới hạn. Tổ chức cuộc gọi điện video nhóm với tối đa 8 người, với âm thanh chất lượng cao, video độ nét cao và các tính năng video tương tác như bộ lọc khuôn mặt.\r\n\r\nMIỄN PHÓ KHÔNG GIỚI HẠN * CUỘC GỌI VĂN BẢN & ĐIỆN THOẠI\r\nBỏ qua việc trao đổi số điện thoại và chỉ cần gửi tin nhắn cho bạn bè trên Facebook của bạn, ngay cả khi họ ở khắp nơi trên thế giới. Tận hưởng tin nhắn văn bản và thoại chất lượng cao trên thiết bị di động, máy tính bảng và máy tính để bàn.\r\n\r\nTẮT ĐÈN ? CHẾ ĐỘ TỐI\r\nCho đôi mắt của bạn được nghỉ ngơi với giao diện mới bóng bẩy làm tối màu sắc của giao diện trò chuyện.\r\n\r\n* GHI VÀ GỬI LỜI NÓI VÀ THÔNG ĐIỆP VIDEO\r\nKhi văn bản không bị cắt, chỉ cần nhấn ghi và gửi. Nói, hát, thể hiện hoặc hét to. *\r\n\r\nTHỂ HIỆN CHÍNH MÌNH VỚI TEM, GIFS VÀ EMOJIS\r\nSử dụng nhãn dán tùy chỉnh để thể hiện khía cạnh sáng tạo của bạn. Bạn thậm chí có thể thêm hiệu ứng và bộ lọc vào cuộc gọi điện video.\r\n\r\n* GỬI PHIM, ẢNH VÀ VIDEO\r\nKhông có giới hạn về số lượng tệp bạn muốn chia sẻ với bạn bè của mình. *\r\n\r\nLẬP KẾ HOẠCH VÀ LÀM CHO NÓ XẢY RA\r\nLập kế hoạch để cùng nhau tham gia các cuộc thăm dò ý kiến và hơn thế nữa. Đề xuất địa điểm gặp mặt hoặc cho bạn bè biết bạn đang ở đâu bằng cách chia sẻ vị trí của bạn chỉ với một vài lần nhấn.\r\n', 'GỬI TIỀN AN TOÀN VÀ DỄ DÀNG (chỉ trong phạm vi Hoa Kỳ)\r\nGửi và nhận tiền một cách an toàn và dễ dàng với bạn bè và gia đình ngay trong ứng dụng bằng cách thêm thẻ ghi nợ, tài khoản PayPal hoặc thẻ trả trước có thể nạp lại của bạn (thẻ một nguồn chỉ đủ điều kiện để gửi tiền). *\r\n\r\nTRÒ CHUYỆN VỚI DOANH NGHIỆP\r\nDễ dàng kết nối với các doanh nghiệp yêu thích của bạn để đặt chỗ, nhận hỗ trợ khách hàng, tìm giao dịch và hơn thế nữa.\r\n\r\nMANG SMS VÀO MESSENGER\r\nKhông cần mở nhiều ứng dụng để giữ liên lạc. Sử dụng một ứng dụng cho SMS và Messenger.\r\n\r\nNỀN TẢNG ACROSS TƯƠNG THÍCH\r\nTrò chuyện với bạn bè trên nhiều thiết bị, như máy tính để bàn, Cổng thông tin và các thiết bị khác.\r\n', 2, 31, '1619762418_Messenger.zip'),
(33, 'Discord - Talk, Video Chat', '033', '0', '1619762516_DiscordICON.png', '1619762516_Discord1.jpg', '1619762516_Discord2.jpg', '1619762516_Discord3.jpg', 'Discord là nơi để bạn nói chuyện. Tạo một ngôi nhà cho cộng đồng và bạn bè của bạn, nơi bạn có thể ở gần và vui chơi qua văn bản, giọng nói và video. Cho dù bạn là thành viên của câu lạc bộ trường học, nhóm chơi game, cộng đồng nghệ thuật trên toàn thế giới hay chỉ là một số ít bạn bè muốn dành thời gian, Discord giúp bạn dễ dàng trò chuyện hàng ngày và đi chơi thường xuyên hơn.\r\n\r\nTẠO NƠI CHỈ MỜI ĐỂ NÓI CHUYỆN\r\n• Các kênh văn bản có tổ chức mang lại cho bạn nhiều không gian để nói chuyện. Chia sẻ những rủi ro nấu ăn mới nhất của bạn trong khi điều phối trò chơi của tuần tới hoặc chỉ cần nói về ngày của bạn mà không làm tắc nghẽn cuộc trò chuyện nhóm.\r\n• Các kênh thoại giúp hangout dễ dàng. Tìm một chỗ trong kính thoại khi bạn rảnh. Bạn bè có thể thấy bạn ở xung quanh và đến để trò chuyện mà không cần phải gọi điện.\r\n• Công nghệ đáng tin cậy để ở gần. Giọng nói và video có độ trễ thấp tạo cảm giác như bạn đang ở trong cùng một phòng.\r\n\r\nĐÓNG CỬA VỚI VĂN BẢN, GIỌNG NÓI VÀ VIDEO\r\n• Vẫy chào qua video, xem bạn bè phát trực tuyến trò chơi của họ hoặc tụ tập và có một phiên vẽ với chia sẻ màn hình.\r\n• Biến bất kỳ hình ảnh nào thành biểu tượng cảm xúc tùy chỉnh của riêng bạn và chia sẻ chúng với bạn bè.\r\n• Chia sẻ mọi thứ từ video hài hước đến ảnh nhóm mới nhất của bạn và ghim các mục yêu thích của bạn để ghi nhớ sau này.\r\n', 'CHO MỘT SỐ HAY MỘT NGẪU NHIÊN\r\n• Các công cụ kiểm duyệt tùy chỉnh và cấp độ quyền có thể nhóm bạn bè của bạn, tổ chức câu lạc bộ sách địa phương của bạn hoặc tập hợp những người hâm mộ âm nhạc từ khắp nơi trên thế giới.\r\n• Tạo người kiểm duyệt, cấp cho các thành viên đặc biệt quyền truy cập vào các kênh riêng tư và hơn thế nữa.\r\n', 2, 32, '1619762516_Discord.zip'),
(34, 'Facebook', '034', '0', '1619762752_FacebookICON.jpg', '1619762752_Facebook1.jpg', '1619762752_Facebook3.jpg', '1619762752_Facebook5.jpg', 'Theo kịp với bạn bè nhanh hơn và dễ dàng hơn bao giờ hết. Chia sẻ thông tin cập nhật và ảnh, tương tác với bạn bè và Trang, đồng thời kết nối với các cộng đồng quan trọng đối với bạn.\r\n\r\nCác tính năng trên ứng dụng Facebook bao gồm:\r\n\r\n* Kết nối với bạn bè và gia đình và gặp gỡ những người mới trên mạng xã hội của bạn\r\n* Đặt cập nhật trạng thái và sử dụng biểu tượng cảm xúc Facebook để giúp chuyển tiếp những gì đang diễn ra trong thế giới của bạn\r\n* Chia sẻ ảnh, video và những kỷ niệm yêu thích của bạn.\r\n* Nhận thông báo khi bạn bè thích và bình luận về bài đăng của bạn\r\n* Tìm các sự kiện xã hội địa phương và lập kế hoạch gặp gỡ bạn bè\r\n* Chơi trò chơi với bất kỳ người bạn nào trên Facebook của bạn\r\n* Sao lưu ảnh bằng cách lưu chúng vào album\r\n* Theo dõi các nghệ sĩ, trang web và công ty yêu thích của bạn để nhận tin tức mới nhất của họ\r\n* Tra cứu các doanh nghiệp địa phương để xem đánh giá, giờ hoạt động và hình ảnh\r\n* Mua và bán tại địa phương trên Facebook Marketplace\r\n* Xem video trực tiếp khi đang di chuyển\r\n\r\n\r\nỨng dụng Facebook không chỉ giúp bạn kết nối với bạn bè và sở thích của mình. Nó cũng là công cụ tổ chức cá nhân của bạn để lưu trữ, lưu và chia sẻ ảnh. Thật dễ dàng để chia sẻ ảnh trực tiếp từ máy ảnh Android của bạn và bạn có toàn quyền kiểm soat ảnh và cài đặt quyền riêng tư của mình. Bạn có thể chọn thời điểm giữ các ảnh riêng tư hoặc thậm chí thiết lập một album ảnh bí mật để kiểm soát ai sẽ xem ảnh đó.\r\n\r\nFacebook cũng giúp bạn cập nhật những tin tức mới nhất và các sự kiện thời sự trên thế giới. Đăng kê những người nổi tiếng, thương hiệu, nguồn tin tức, nghệ sĩ hoặc đội thể thao yêu thích của bạn để theo dõi nguồn cấp dữ liệu của họ, xem video phát trực tiếp và cập nhật những diễn biến mới nhất cho dù bạn ở đâu!\r\n', 'Các tính năng quan trọng nhất trên máy tính để bàn của Facebook cũng có sẵn trên ứng dụng, chẳng hạn như viết trên dòng thời gian, thích ảnh, duyệt tìm mọi người, chỉnh sửa hồ sơ và nhóm của bạn', 2, 31, '1619762752_Facebook.zip'),
(35, 'Instagram', '035', '0', '1619762851_InstagramICON.jpg', '1619762851_Instagram1.jpg', '1619762851_Instagram2.jpg', '1619762851_Instagram3.png', 'Đưa bạn đến gần hơn với những người và những điều bạn yêu thích. - Instagram từ Facebook\r\n\r\nKết nối với bạn bè, chia sẻ những gì bạn đang làm hoặc xem những gì mới từ những người khác trên khắp thế giới. Khám phá cộng đồng của chúng tôi, nơi bạn có thể thoải mái là chính mình và chia sẻ mọi thứ, từ những khoảnh khắc hàng ngày đến những điểm nổi bật trong cuộc sống.\r\n', 'Thể hiện bản thân và kết nối với bạn bè\r\n\r\n* Thêm ảnh và video vào câu chuyện INSTA của bạn sẽ biến mất sau 24 giờ và biến chúng thành hiện thực bằng các công cụ sáng tạo thú vị.\r\n* Nhắn tin trực tiếp cho bạn bè của bạn. Bắt đầu các cuộc trò chuyện th? vị về những gì bạn thấy trên Nguồn cấp dữ liệu và Câu chuyện.\r\n* Đăng ảnh và video lên nguồn cấp dữ liệu ', 2, 33, '1619762851_Instagram.zip'),
(36, 'Twitter', '036', '0', '1619762956_TwitterICON.png', '1619762956_Twitter1.png', '1619762956_Twitter2.jpg', '1619762956_Twitter3.jpg', 'Tham gia cuộc trò chuyện!\r\n\r\nTweet lại, chia sẻ trên một chủ đề, lan truyền hoặc chỉ cuộn qua dòng thời gian Twitter để cập nhật những gì mọi người đang nói về. Twitter là ứng dụng truyền thông xã hội truy cập của bạn và là nguồn phương tiện truyền thông mới cho những gì đang xảy ra trên thế giới, trực tiếp từ tài khoản của những người có ảnh hưởng đến thế giới của bạn hàng ngày.\r\n\r\nKhám phá những gì đang thịnh hành trên các phương tiện truyền thông hoặc tìm hiểu những nhà lãnh đạo tư tưởng về các chủ đề quan trọng đối với bạn; cho dù sở thích của bạn từ # Kpop Twitter đến chính trị, tin tức hay thể thao, bạn có thể theo dõi và nói chuyện trực tiếp với những người có ảnh hưởng hoặc bạn bè của bạn. Mọi tiếng nói đều có thể tác động đến thế giới.\r\n\r\nTheo sở thích của bạn. ⭐ Tweet, Fleet, Retweet, Reply to Tweets, Share hoặc Like - Twitter là ứng dụng mạng xã hội số 1 cho các tin tức và cập nhật mới nhất.\r\n\r\nKhai thác những gì đang diễn ra xung quanh bạn. Tìm kiếm các thẻ bắt đầu bằng # và các chủ đề thịnh hành để luôn cập nhật về bạn bè của bạn và những người theo dõi Twitter khác. Theo dõi tweet của những người có ảnh hưởng yêu thích của bạn, cùng với hàng trăm người dùng Twitter thú vị và đọc nhanh nội dung của họ.\r\n\r\nChia sẻ ý kiến của bạn. Thu hút mạng xã hội của bạn bằng các liên kết, ảnh và video đáng chú ý. Gửi tin nhắn trực tiếp cho bạn bè của bạn hoặc trả lời trong một chuỗi. Cho dù bạn trò chuyện riêng tư hay lan truyền, giọng nói của bạn sẽ tạo nên sự khác biệt.\r\n\r\nĐược chú ý. Twitter cho phép bạn tìm những người thú vị hoặc xây dựng một lượng người theo dõi những người quan tâm đến bạn. Duy trì kết nối xã hội chưa bao giờ dễ dàng hơn thế! Ngoài trò chuyện với bạn bè, Twitter cho phép những người có ảnh hưởng xây dựng kết nối cá nhân với người hâm mộ của họ. Nói chuyện trực tiếp với những người có ảnh hưởng đến bạn - bạn có thể ngạc nhiên bởi có bao nhiêu câu trả lời phản hồi.\r\n\r\n✔️ Xây dựng hồ sơ của bạn:\r\n* Tùy chỉnh hồ sơ của bạn, thêm ảnh, mô tả, vị trí và ảnh nền\r\n* Tweet thường xuyên và tối ưu hóa thời gian đăng của bạn ?\r\n* Đăng nội dung trực quan ?\r\n* Sử dụng thẻ bắt đầu bằng # trong Tweet của bạn # ️⃣\r\n* Thu hút người theo dõi bên ngoài Twitter ??\r\n\r\nTheo dõi xu hướng\r\n\r\nKhám phá các thẻ bắt đầu bằng # thịnh hành nhất và các tiêu đề tin tức nóng hổi. Theo dõi các chủ đề truyền thẳng, chủ đề Tweet và video trực tiếp, để nắm bắt thông tin về những gì đang xảy ra. Cho dù bạn quan tâm đến thể thao nổi bật, meme văn hóa đại chúng hay chính trị, Twitter là nguồn thông tin của bạn.\r\n', 'Tìm những người bạn cùng chí hướng hoặc khám phá những sở thích mà bạn chưa từng biết. Nhận thông tin về các chủ đề quan trọng đối với bạn, cho dù sở thích của bạn là chính hay thích hợp. Bạn có thể chia sẻ nội dung hoặc là một con ruồi trên tường; bằng cách nào đó, bạn sẽ khám phá ra điều gì đó mới mỗi khi mở ứng dụng.\r\n\r\nTìm tiếng nói của bạn trên mạng xã hội - tải xuống Twitter cho Android ngay hôm nay!\r\n', 2, 34, '1619762956_Twitter.zip'),
(37, 'Zenly - Your map, your people', '037', '0', '1619763070_ZenlyICON.jpg', '1619763070_Zenly1.jpg', '1619763070_Zenly2.jpg', '1619763070_Zenly3.jpg', 'Zenly là một bản đồ cho phép bạn biết bạn bè và gia đình của bạn đang làm gì. Hàng triệu người trên khắp thế giới đã chứng minh rằng Zenly giúp bạn dành nhiều thời gian hơn cho những người quan trọng nhất và đưa bạn đến gần họ hơn một chút ngay cả khi bạn không thể. Sử dụng Zenly để:\r\n\r\n- Xem chính xác bạn bè của bạn đang ở đâu và họ đang làm gì\r\n- Biết khi nào bạn bè của bạn hết pin khi bạn không thể liên lạc với họ\r\n- Quăng điện thoại với bạn bè để cho người khác biết bạn đang đi chơi\r\n- Biết khi nào họ ở nhà, ở trường, ở cơ quan và khi nào họ đang trên đường đến bất kỳ địa điểm nào trong số đó\r\n- Liên hệ với bạn bè của bạn thông qua các ứng dụng giao thông yêu thích của bạn mà không cần hỏi địa chỉ\r\n- Nhận thông báo khi bạn bè của bạn đi du lịch đến các quốc gia khác nhau\r\n- Làm nổ tung bạn bè của bạn bằng các biểu tượng cảm xúc yêu thích của bạn (gợi ý: bật âm thanh)\r\n- Biết khi nào bạn bè đang cùng nhau nhóm lửa trên bản đồ và tạo một cuộc trò chuyện nhóm chỉ bằng một lần nhấn\r\n- Làm mờ hoặc đóng băng bản thân để thoát khỏi lưới bao lâu bạn cần\r\n\r\nBạn không cần hàng trăm người bạn trên Zenly - chỉ cần một vài người để bắt đầu. Có một số cách để thêm bạn bè - mặc dù bạn bè của bạn sẽ cần phải chấp nhận yêu cầu của bạn để bạn bắt đầu nhìn thấy họ trên bản đồ của mình.\r\n', 'Zenly miễn phí và không có quảng cáo. Chúng tôi cũng đã dành vài năm để phát triển một thuật toán rất đặc biệt cho phép chia sẻ liên tục mà không làm tiêu hao pin của bạn.', 2, 35, '1619763070_Zenly.zip'),
(38, 'BIGO LIVE –Live Stream, Live Chat, Go Live', '038', '0', '1619763251_BIGOLIVEICON.jpg', '1619763251_BIGOLIVE1.jpg', '1619763251_BIGOLIVE2.jpg', '1619763251_BIGOLIVE3.jpg', 'BIGO LIVE cho phép bạn phát trực tiếp những khoảnh khắc yêu thích của mình, kết bạn từ khắp nơi trên thế giới và xem phát trực tiếp 24/7 để giảm bớt sự nhàm chán. Chúng tôi có hơn 400 triệu người dùng trên khắp thế giới.\r\n\r\nKHUYẾN CÁO CHO NHỮNG NGƯỜI:\r\n\r\n- Muốn xem các luồng trực tiếp và tương tác với người dẫn chương trình trong thời gian thực\r\n- Thưởng thức các buổi hòa nhạc trực tuyến\r\n- Thích trò chuyện với mọi người từ khắp nơi trên thế giới\r\n- Thích xem các luồng trực tiếp chơi trò chơi và thảo luận về các chiến lược\r\n- Quan tâm đến việc trở thành một người có ảnh hưởng bằng cách thể hiện tài năng của bạn\r\n\r\nXEM TRỰC TIẾP STREAM\r\n\r\nHàng triệu phát thanh viên tài năng, vũ công, ca sĩ, ẩm thực, diễn viên hài, v.v.\r\n\r\nTRÒ CHUYỆN VIDEO TRỰC TIẾP / CUỘC GỌI VIDEO\r\n\r\nBIGO LIVE có thể kết bạn với những người dân địa phương xung quanh bạn hoặc với những người từ khắp nơi trên thế giới.\r\n\r\nTRÒ CHUYỆN ÂM THANH TRỰC TIẾP / TRÒ CHUYỆN ÂM THANH TRỰC TIẾP\r\n\r\nKhông gian dành cho các cuộc trò chuyện âm thanh bình thường, thả ga — với bạn bè và những người thú vị khác trên khắp thế giới, tương tự như Clubhouse.\r\n\r\nPK TRỰC TIẾP (LOL)\r\n\r\nNgười phát sóng có nhiều điểm nhất sẽ thắng, và người thua cuộc sẽ bị trừng phạt. Có dám hay không? ;)\r\n\r\nTRUYỀN HÌNH TRÒ CHƠI TRỰC TIẾP\r\n\r\nPhát trực tiếp hoặc xem các trò chơi phổ biến đang phát trực tiếp của người khác, chẳng hạn như PUBG, World of Warcraft, Among Us, v.v.\r\n', 'BIGO LIVE\r\n\r\nThu hút người theo dõi, thu hút người hâm mộ, nhận quà tặng, kết bạn và trở thành thần tượng đối với những người khác.\r\n', 2, 36, '1619763251_BIGOLIVE.zip'),
(39, 'Hago', '039', '0', '1619763345_HagoICON.jpg', '1619763345_Hago1.jpg', '1619763345_Hago2.jpg', '1619763345_Hago3.jpg', 'Tại hago, bạn có thể khám phá những người bạn mới trong khi thưởng thức trò chơi và phát trực tiếp. Chúng tôi tự hào xây dựng nền tảng này để mọi người có thể đến với nhau và đi chơi mọi lúc, mọi nơi.\r\n\r\n[Phát trực tiếp và xem luồng trực tiếp]\r\nXem trực tiếp steam trên hago ngay bây giờ. Phát trực tiếp và cho chúng tôi thấy những gì bạn có. Hãy tận dụng cơ hội để gặp gỡ những người thú vị và chia sẻ những khoảnh khắc tuyệt vời trong cuộc sống của bạn.\r\n\r\n[100+ trò chơi miễn phí]\r\nTừ các cuộc thi đấu 1 chọi 1, đến trò chơi trò chuyện nhóm và trò chơi điện tử nhóm, có hơn 100 trò chơi bạn có thể chơi MIỄN PHÍ trên Hago.\r\n\r\n[Trò chuyện thoại trong thời gian thực]\r\nVới trò chuyện thoại thời gian thực, trò chơi sẽ ở cấp độ tiếp theo! Bây giờ thanh cao hơn khi mọi người có thể nghe thấy bạn. Làn sóng hoặc tham gia trò chuyện nhóm, có rất nhiều điều thú vị để khám phá.\r\n\r\n[Trò chuyện nhóm]\r\nKhám phá các phòng trò chuyện công khai từ những cái nhìn lạnh lùng hoặc lập nhóm của bạn để tham gia hangout trực tuyến riêng tư, chỉ được mời.\r\n\r\n[Khám phá và Gặp gỡ]\r\nNgười dùng của chúng tôi chia sẻ cuộc sống của họ trên Square, từ bậc thầy BBQ đến người hâm mộ K-pop. Chúng tôi cũng cung cấp các trận đấu trò chơi thông thường nhanh tức thì trong Trận đấu và các trận đấu hồ sơ trong Meetup để bạn tòm bạn mới và dễ dàng phá vỡ băng.\r\n', 'Tham gia Hago ngay bây giờ và nhận được nhiều niềm vui hơn!', 2, 37, '1619763345_Hago.zip'),
(40, 'Tinder', '040', '0', '1619763454_TinderICON.jpg', '1619763454_Tinder1.jpg', '1619763454_Tinder3.jpg', '1619763454_Tinder4.jpg', 'Bạn có thể ở đây trong một khoảng thời gian vui vẻ và lâu dài nữa.?\r\n\r\nVới 30 tỷ kết quả phù hợp cho đến nay, Tinder® là “ứng dụng hẹn hò hàng đầu”, khiến nó trở thành nơi để gặp gỡ những người mới. Cho dù bạn đang tìm kiếm tình yêu, cần một buổi hẹn hò ngay hôm nay hay chỉ muốn trò chuyện: Chúng tôi có thứ gì đó dành cho những người độc thân địa phương ở khắp mọi nơi và các tính năng mang đến cho bạn trải nghiệm hẹn h? tốt nhất có thể. Như thế nào? Rất vui vẻ bạn đã hỏi?\r\n\r\nCho dù bạn là người đồng tính hay song tính, hãy tự hào về con người của bạn với tính năng Định hướng của chúng tôi?️‍??️‍?️\r\nTìm ra điểm chung của bạn với đối sánh tiềm năng của bạn với Sở thích\r\nMang theo một điểm cộng vào tất cả các ngày của bạn để an toàn hơn với Noonlight?️\r\n\r\nĐưa chúng tôi đi cùng bạn trong chuyến du lịch và tìm hiểu người dân địa phương - dù bạn đi bất cứ đâu, chúng tôi sẽ có mặt ở đó. Một số người gọi chúng tôi là “người mai mối đáng tin cậy nhất”, một số người gọi chúng tôi là ? ứng dụng hẹn hò miễn phí phổ biến nhất thế giới?, nhưng bạn chỉ có thể gọi cho chúng tôi khi bạn muốn gặp gỡ những người trong khu vực của mình.\r\n\r\nKhi bạn ở đây - hãy nâng ly chúc mừng cuộc sống Vàng và tận hưởng tất cả các tính năng cao cấp của Tinder với gói đăng kí cấp cao nhất của chúng tôi?\r\n\r\nLượt thích Bạn cho phép bạn xem tất cả người hâm mộ của mình, giúp bạn tiết kiệm thời gian quý báu\r\nLượt thích không giới hạn để bạn có được cảm tình với bao nhiều người tùy thích??\r\nTua lại để bạn hoàn tác Lượt thích hoặc Không thích cuối cùng của bạn⏪\r\nSử dụng Passporttm để đến mọi nơi trên thế giới để tìm mọi người trực tuyến bên ngoài mã zip của bạn✈️\r\nTăng hồ sơ của bạn lên hàng đầu trong ba mươi phút để thu hút nhiều sự chú ý hơn\r\n5 Super Like mỗi ngày bởi vì đôi khi bạn thực sự rất thích một ai đó\r\n\r\nCó một mặt lợi cho những người chưa sẵn sàng cam kết mối quan hệ với Gold . Với Tinder Plus®, bạn sẽ mở khóa các tính năng bao gồm Lượt thích không giới hạn, Hộ chiếu, Tua lại, Tăng và 5 lượt thích Siêu mỗi ngày.\r\n\r\nTrận đấu. Trò chuyện. Ngày. Đó là câu thần chú của chúng tôi. Thật dễ dàng và thú vị khi tìm thấy mọi người trên Tinder. Làm cho hồ sơ của bạn nổi bật với những bức ảnh đẹp nhất của bạn và một chút gì đó về bạn để tăng khả năng tạo đối sánh của bạn. Sử dụng tính năng Lướt sang phải ™  để Thích ai đó, sử dụng tính năng  Xoay sang tr?i ™  để vượt qua. Nếu ai đó thích bạn trở lại, đó là một trận đấu! Và, không có áp lực nào cả: Chúng tôi đã tạo ra tính năng chọn tham gia kịp có nghĩa là hai người phải thể hiện sự quan tâm lẫn nhau để có một trận đấu. Có bao nhiêu ứng dụng hẹn hò có thể nói như vậy? ?\r\n', 'Tinder là bữa tiệc lớn nhất và bay bổng nhất trên thế giới dành cho những người độc thân - đã đến lúc bạn xuất hiện.?\r\nHãy trải nghiệm nào!', 2, 38, '1619763454_Tinder.zip'),
(41, 'MangaToon', '041', '0', '1619763576_MangaToonICON.png', '1619763576_MangaToon1.jpg', '1619763576_MangaToon2.jpg', '1619763576_MangaToon3.jpg', 'MangaToon là một ứng dụng miễn phí để đọc truyện tranh, manhua, manhwa và manga. Tất cả các truyện tranh đều có nhiều màu sắc. Các truyện tranh khác nhau ở thể loại Hành động, Lãng mạn, Chàng trai yêu, Hài, Kinh dị và hơn thế nữa, được cập nhật hàng ngày.\r\n\r\n[Tính năng MangaToon]\r\n\r\n► Truyện tranh hot nhất cập nhật hàng ngày. Đọc hàng chục bộ truyện tranh HD như truyện tranh tình cảm, truyện tranh hành động, truyện tranh BL, ... Tất cả các truyện tranh được cập nhật thường xuyên. Một số truyện tranh thậm chí còn được cập nhật mỗi ngày. Có nghĩa là 7 chương một tuần. Một số truyện tranh Hàn Quốc có thể được đọc trên Manga toon bây giờ.\r\n\r\n► Phát hành truyện tranh miễn phí mỗi tuần. Truyện tranh mới sẽ được phát hành hàng tuần. Chúng tôi cung cấp truyện tranh miễn phí. Đăng kí truyện tranh yêu thích của bạn và bạn sẽ không bao giờ bỏ lỡ bản cập nhật. Hầu hết truyện tranh đều miễn phí vì MangaToon cũng cung cấp truyện tranh trả tiền cho mỗi lần xem.\r\n\r\n► Bạn có thể tải truyện tranh yêu thích của mình và đọc ngoại tuyến.\r\n\r\n► Chúng tôi đã tối ưu hóa trình đọc truyện tranh cho điện thoại di động. Bạn có thể cuộn trơn tru để có trải nghiệm đọc không bị gián đoạn.\r\n\r\n► Bạn có thể đọc truyện tranh bằng tiếng Anh, tiếng Bahasa Indonesia, tiếng Việt, tiếng Tây Ban Nha, tiếng Thái và tiếng Bồ Đào Nha. MangaToon sẽ hỗ trợ thêm nhiều ngôn ngữ cho các bạn yêu thích truyện tranh trong thời gian sắp tới.\r\n\r\n► Viết những câu chuyện của riêng bạn trong mangatoon và chia sẻ với hàng triệu độc giả. Chúng tôi sẽ chọn những cuốn tiểu thuyết nổi tiếng nhất để chuyển thành truyện tranh. Bạn thậm chí có thể tạo và đọc những câu chuyện trò chuyện hấp dẫn trên điện thoại của mình, thu hút nhiều người hâm mộ hơn!\r\n\r\nMột thế giới truyện tranh. MangaToon, giúp bạn bước vào một thế giới khác!\r\n', 'Mẹo: Nếu bạn muốn đọc truyện tranh bằng các ngôn ngữ khác, vui lang chọn lại ngôn ngữ trong Cài đặt. Hiện đã hỗ trợ tiếng Anh, tiếng Indonesia, tiếng Việt, tiếng Tây Ban Nha, tiếng Thái và tiếng Bồ Đào Nha.', 5, 39, '1619763576_MangaToon.zip'),
(42, 'Comico - Đọc Truyện Tranh', '042', '30000', '1619763734_COMICOICON.png', '1619763734_COMICO1.png', '1619763734_COMICO2.jpg', '1619763734_COMICO3.jpg', 'COMICO là một ứng dụng đọc truyện tranh bản quyền Việt Nam. Kho truyện có hàng trăm bộ truyện tranh online hấp dẫn và đa dạng các thể loại từ manga, manhwa, webtoon đến tình cảm, học đường, hài hước, hành động, kinh dị...\r\n\r\n Những điểm nổi bật của truyện tranh COMICO \r\n♥️ TRUYỆN TRANH BẢN QUYỀN\r\nNhững bộ truyện \"làm mưa làm gió\" tại nước ngoài nay đã chính thức được COMICO mua bản quyền và có mặt tại Việt Nam. Đặc biệt bạn có thể khám phá kho webcomics Hàn, Nhật, Trung với chất lượng hình ảnh sắc nét, màu sắc sinh động, ngôn từ thuần Việt.\r\n\r\n♥️ ĐỌC TRUYỆN MIỄN PHÍ\r\nBạn đọc có thể nhận được xu thưởng, và thu truyện thường xuyên, giúp đọc miễn phí dễ dàng.\r\n\r\n♥️ DỄ TÌM KIẾM NHIỀU THỂ LOẠI TRUYỆN\r\nVới mỗi thể loại sẽ có nhiều truyện của các tác giả khác nhau, giúp bạn đọc thoải mái chọn truyện đúng với gu truyện và sở thích của mình.\r\n\r\n♥️ CHƯƠNG MỚI MỖI NG?Y\r\nBạn không cần lo buồn chán và luôn có những bộ truyện ra chương mới mỗi ngày. COMICO luôn mở chương mới theo lịch hàng tuần và thường xuyên tạo bất ngờ cho bạn đọc với CƠN LỐC CHƯƠNG cập nhật nhiều chương truyện hàng loạt.\r\n\r\n♥️ ĐỘC QUYỀN TRUYỆN HOT\r\nẤn tượng nhất là COMICO độc quyền combo 3 truyện tranh siêu hot LADY TO QUEEN kể về chị Hậu trọng sinh về năm 19 tuổi, CUỘC PHÓNG VẤN ĐỊNH MỆNH kể về mối tình BL gay cấn và MEMORIZE kể về main mạnh biết xuyên khiing vào game dị giới.\r\n\r\n♥️ TÍNH NĂNG SẠC ĐIỆN ĐỢI LÀ FREE\r\nSạc điện là tính năng đọc truyện webtoon miễn phí, sau một thời gian nhất định thanh sạc sẽ đầy và bạn sẽ được đọc miễn phí một chương truyện. Thời gian sạc online tùy theo truyện từ 1h, 3h, 6h, 12h, 24h đến 72 tiếng.\r\n\r\n♥️ NHIỀU SỰ KIỆN QUÀ TẶNG HẤP DẪN:\r\nQuà tặng dành cho độc giả mới\r\nĐiểm danh hằng ngày nhận point, coin\r\nĐọc truyện miễn phí bằng thuê chương hoặc sạc điện\r\nLàm nhiệm vụ có quà, và truyện, xu thưởng ào ạt\r\nCơn lốc chương cập nhập truyện mới hàng loạt\r\nĐề cử các siêu phẩm truyện sắp ra mắt\r\nVà nhiều sự kiện đặc biệt khác sắp tới!\r\n', 'Hãy cùng thưởng thức những bộ webtoon nổi tiếng, truyện tranh online miễn phí trên app COMICO ngay hôm nay!', 5, 40, '1619763734_COMICO.zip'),
(43, 'Weeboo', '043', '0', '1619763844_WeebooICON.png', '1619763844_Weeboo1.jpg', '1619763844_Weeboo2.jpg', '1619763844_Weeboo3.jpg', 'Weeboo là ứng dụng đọc truyện tranh, tiểu thuyết bản quyền với kho nội dung đa dạng thể loại từ ngôn tình, đam mỹ, bách hợp cho đến xuyên không, nữ cường,... được cập nhật chương mới liên tục mỗi ngày\r\n\r\n❤️ THA HỒ LỰA CHỌN THỂ LOẠI TRUYỆN ƯA THÍCH\r\nNgôn tình hiện đại, cổ đại như Cô Vợ Câm! Đứng Lại!, Tôi Bị Nam Thần Nhìn Trúng Rồi, Tổng Tài Thiên Vị Yêu Mình Ta,...\r\nĐam mỹ, bách hợp, lãng mạn, sủng ngọt, ngược luyến như Phi Hành Tinh Cầu, Ỷ Lại Chứng X, Tiều Tụy,...\r\nTiên hiệp, huyền huyễn, xuyên không, hành động, phiêu lưu, nữ cường, kinh dị: Đô Thị Chí Tôn, Quỷ Thủy Nghi Vân, Tôi Là Cao Phú Soái,...\r\n\r\n❤️ KHO NỘI DUNG ĐƯỢC LÀM MỚI MỖI NGÀY\r\nHàng ngàn chap truyện bản quyền được cập nhật liên tục và đều đặn mỗi ngày.\r\nBão chương hàng tháng với các bộ truyện có nhiều người xem và được yêu thích nhất.\r\n\r\n❤️ TRẢI NGHIỆM APP TUYỆT VỜI, ĐỌC OFFLINE MỌI LÚC MỌI NƠI\r\nGiao diện dễ dàng sử dụng. Tự động lưu lịch sử đọc, dễ dàng tiếp tục theo dõi truyện.\r\nTìm kiếm truyện thông minh với 1-2 từ khóa, đề xuất truyện hot, truyện full, xu hướng truyện mới, truyện được đánh giá cao trên cộng đồng.\r\nTải xuống bộ truyện bạn yêu thích và đọc offine bất cứ khi nào.\r\nNhận thông báo khi có chap mới của bộ truyện yêu thích chỉ với 1 click.\r\n\r\n❤️ TOÀN BỘ TRUYỆN ĐỀU ĐƯỢC MUA BẢN QUYỀN\r\nToàn bộ truyện trên Weeboo đều được mua bản quyền đầy đủ mang đến cho người dùng hình ảnh với chất lượng cao nhất, các chap truyện mới nhất được cập nhật cũng như để ủng hộ cho các tác giả sáng tác truyện.\r\n\r\n❤️ HỆ THỐNG CỘNG ĐỒNG NGAY TRÊN APP\r\nMỗi bộ truyện, thể loại truyện đều có cộng đồng ngay trên ứng dụng để người dùng có thể trao đổi, chia sẻ các khoảnh khắc thú vị trong quá trình đọc truyện\r\n', 'Mỗi bộ truyện tranh, tiểu thuyết là một thế giới mới và đang chờ được các bạn khám phá! Nhanh tay tải app và tận hưởng thôi!', 5, 41, '1619763844_Weeboo.zip'),
(44, 'Anime 247', '044', '0', '1619768096_Anime247ICON.png', '1619768096_Anime2471.jpg', '1619768096_Anime2472.jpg', '1619768096_Anime2473.png', '- Anime 247 là ứng dụng xem anime vietsub online miễn phí với kho phim anime khổng lồ, chất lượng hình ảnh full HD.\r\n\r\n- Anime không cắt xén, phụ đề vietsub đầy đủ, chất lượng hình ảnh xem anime full HD mang lại trải nghiệm xem phim mượt mà, hoàn hảo.\r\n\r\n- Giao diện đơn giản dễ sử dụng.\r\n', 'Chúc mọi người xem phim vui vẻ với Anime 47', 5, 42, '1619768096_Anime247.zip'),
(45, 'Monster Dinosaur Rampage', '045', '0', '1619768190_MonsterDinosaurRampageICON.jpg', '1619768190_MonsterDinosaurRampage1.jpg', '1619768190_MonsterDinosaurRampage2.jpg', '1619768190_MonsterDinosaurRampage3.jpg', 'Monster Dinosaur Rampage: City Attack mang đến hành trình phiêu lưu trong cuộc sống thời tiền sử của loài khủng long. Bạn phải nhập vai vào những con khủng long chết chắc và tấn cùng thành phố như một trò chơi hung hăn. Không giống như các trò chơi hung hăn khác, nó sẽ là một cuộc hành trình đến thế giới jurassic. Trở thành kẻ săn mồi chết người của thời tiền sử và bắt đầu các nhiệm vụ hung hăn trong thế giới hiện đại. Các nhà khoa học xấu xa đã cố gắng thực hiện các thí nghiệm trên một số loài khủng long. Bạn sẽ nhập vai vào những con khủng long đang được thử nghiệm và phá hủy thành phố để trả thù. Các lực lượng quân sự sẽ tấn công bạn bằng đạn, nó tránh các cuộc tấn công của chúng và tiêu diệt chúng.\r\n\r\nBạn có thể tận hưởng sự hủy diệt và tận với sức mạnh khổng lồ của mình và phá hủy bất cứ thứ gì cản đường. Đi ra khỏi thành phố bằng cách phá hủy từng tòa nhà cản đường. Sử dụng bộ điều khiển cần điều khiển mượt mà được cung cấp để di chuyển cùng chú khủng long. Nút tấn công có thể được sử dụng để đập các vật thể khác nhau và phá hủy chúng. Cảm thấy như một con khủng long thực sự khi bạn chơi như những sinh vật tiền sử của thời kỳ hoàng kim. T-Rex và các loài khủng long khác là những kẻ săn mồi chết người nhưng không dành cho bạn. Bạn có thể trở thành thủ lĩnh duy nhất của những sinh vật nguy hiểm này và kiểm soát sức mạnh của chúng. Chỉ huy đội quân khủng long và phá hủy thành phố của những nhà khoa học xấu xa. Trở thành người chơi giỏi nhất của game Monster Dinosaur Rampage: City Attack.\r\n\r\nCó nhiều cấp độ khác nhau trong trò chơi với các mục tiêu khác nhau phải hoàn thành. Thực hiện theo bản tóm tắt được cung cấp và phá hủy mọi tòa nhà trên con đường của bạn. Nắm vững các điều khiển đơn giản và không có cấp độ nào đủ thách thức đối với bạn. Tận hưởng sự tiến hóa của khủng long cùng với cuộc phiêu lưu trong thành phố hiện đại và dành thời gian rảnh rỗi của bạn. Rõ ràng, nó chỉ là một trò chơi, vì vậy hãy thoải mái và tận hưởng trải nghiệm chơi trò chơi tổng thể của cuộc tấn công thành phố khủng long.\r\nBạn đang chờ đợi điều gì? Tải xuống trò chơi ngay bây giờ!\r\n', 'Một số tính năng của trò chơi tấn công thành phố khủng long:\r\n\r\n- Lối chơi thú vị với các nhiệm vụ phá hủy\r\n- Đồ họa đẹp mắt và hiệu ứng âm thanh đáng kinh ngạc\r\n- Điều khiển dễ học\r\n- Nhiều loại khủng long để vui đùa\r\n- Mục tiêu và nhiệm vụ cho mỗi cấp độ\r\n- Và nhiều hơn thế nữa sẽ được khám phá\r\n', 5, 43, '1619768190_MonsterDinosaurRampage.zip'),
(46, 'WEBTOON', '046', '0', '1619768282_WEBTOONICON.jpg', '1619768282_WEBTOON1.jpg', '1619768282_WEBTOON2.jpg', '1619768282_WEBTOON3.png', 'Tám câu chuyện mới hoặc chia sẻ câu chuyện của riêng bạn với WEBTOON ™, cộng đồng webcomics lớn nhất trên thế giới.\r\nCác bác sĩ cho biết thêm:\r\nNgôi nhà của những thiên thần sử thi, truyện ngắn, truyện tranh và truyện tranh hàng ngày, truy cập hàng nghàn truyện tranh do người sáng tạo sở hữu mọi lúc, mọi nơi trên 23 thể loại, bao gồm lãng mạn, hài, hành động, giả tưởng và kinh dị.\r\nCác bác sĩ cho biết thêm:\r\nVới các bộ phim bom tấn quốc tế, hành động như Tower of God, Noblesse, The God of High School, phim kinh dị gay cấn Sweet Home và hiện tượng rom-com toàn cầu True Beauty - hiện đã được chuyển thể thành các định dạng truyền hình và phát trực tuyến lớn.\r\nCác bác sĩ cho biết thêm:\r\nĐi sâu vào WEBTOON ™ ORIGINALS, truyện tranh đoạt giải thưởng cập nhật hàng tuần. Khám phá những tiếng nói mới trên CANVAS, nơi những người sáng tạo tự xuất bản loạt phim của họ cho khán giả đa dạng, sôi động.\r\n', 'Các bác sĩ cho biết thêm:\r\nTham gia WEBTOON ™ và tìm câu chuyện của BẠN ngay hôm nay.\r\n', 5, 44, '1619768282_WEBTOON.zip'),
(47, 'TruyenQQ Pro', '047', '0', '1619768523_TruyenQQProICON.png', '1619768523_TruyenQQPro1.jpg', '1619768523_TruyenQQPro2.jpg', '1619768523_TruyenQQPro3.jpg', 'App đọc truyện online miễn phí của website truyenqq.com, giúp bạn thoả sức đọc truyện online thật dễ dàng, với kho truyện lớn nhất hiện nay cực phong phú và hấp dẫn đươc cập nhật liên tục hằng ngày.\r\n\r\nNhững tính năng nổi bật của phần mềm:\r\n\r\n✔ Các truyện online trong phần mềm được cập nhật liên tục và nhanh nhất bởi độ ngũ của truyenqq.com\r\n\r\n✔ Có nhiều thể loại như: hành động, ngôn tình, tiên hiệp, kiếm hiệp, đô thị…\r\n\r\n✔ Tìm kiếm truyện, sắp xếp truyện theo: lượt xem, mới cập nhật, truyện mới, truyện đang hot.\r\n', 'Rất mong nhận được sự ủng hộ và đóng góp ý kiến của bạn đọc để phần mềm ngày càng hoàn thiện hơn. Mọi thông tin xin gửi về: truyenqqcom@gmail.com', 5, 45, '1619768523_TruyenQQPro.zip'),
(48, 'Truyện tranh Offline', '048', '0', '1619768682_TruyenTranhOfflineICON.png', '1619768682_TruyenTranhOffline1.png', '1619768682_TruyenTranhOffline2.jpg', '1619768682_TruyenTranhOffline3.jpg', 'Đọc truyện tranh online một cách dễ dàng, có thể tải truyện về để đọc offline khi không có mạng, dễ dàng và tiện lợi.', 'Hãy cùng nhau thưởng thức những mẫu chuyện hay nhất nhé!', 5, 46, '1619768682_TruyenTranhOffline.zip'),
(49, 'Comi', '049', '0', '1619768856_ComiICON.png', '1619768856_Comi1.jpg', '1619768856_Comi2.jpg', '1619768856_Comi3.jpg', 'Comi là ứng dụng đọc truyện tranh, webtoon bản quyền duy nhất tại Việt Nam hiện nay. Với nhiều đầu webtoon nổi tiếng thế giới được mua bản quyền, và hàng chục đầu truyện tranh được đặt hàng độc quyền từ các họa sĩ hàng đầu trong nước, Comi mong muốn sẽ trở thành kênh giải trí hàng đầu dành cho những người yêu quí truyện tranh Việt, và nâng cao vị thế của nền truyện tranh Việt Nam.', 'Cùng nhau thưởng thức những mẫu chuyện hay nhất nhé!', 5, 47, '1619768856_Comi.zip');
INSERT INTO `tbl_sanpham` (`thutu`, `ten_sanpham`, `ma_sanpham`, `gia_sanpham`, `hinhanh`, `hinh_1`, `hinh_2`, `hinh_3`, `mota`, `thongtin`, `danhmuc`, `nhaphattrien`, `download`) VALUES
(50, 'Truyện Tranh Tiếng Việt Tổng Hợp', '050', '0', '1619769390_TruyenTranhTiengVietTongHopICON.png', '1619769390_TruyenTranhTiengVietTongHop1.jpg', '1619769390_TruyenTranhTiengVietTongHop2.jpg', '1619769390_TruyenTranhTiengVietTongHop3.png', 'Truyện Tranh Tổng Hợp hiện đang là ứng dụng đọc truyện Tiếng Việt online tốt nhất trên CH Play của Google. Được phát triển trên nền tảng Website: TruyenTH.com (Trang web đọc truyện hàng đầu Việt Nam hiện nay)\r\nTại sao chúng tôi lại dám khẳng định mình là ứng dụng truyện tranh tốt nhất?\r\nVì chúng tôi có thể đáp ứng được tất cả các nhu cầu của các bạn đam mê truyen tranh như:\r\n► Giải tỏa sự căng thẳng sau những giờ học tập và lao động mệt mỏi bằng những mẫu truyện tranh vui, mang tính chất hài hước cao.\r\n► Bạn muốn tìm kiếm một tập truyện tranh mà đã lâu rồi không đọc hoặc đọc ở đâu mà không nhớ rõ tên, bộ search hiện đại của ứng dụng TH có thể hiểu và hỗ trợ bạn phần này một cách nhanh chóng và chính xác nhất.\r\n► Bạn cần một Ứng dụng đọc truyện tranh với giao diện đơn giản, cập nhật sớm nhất bản Tiếng Việt của những truyện HOT hoặc truyện bạn đã quan tâm => TruyenTH đáp ứng được điều này.\r\n► Điểm đặc biệt và có lẽ là rất nhiều người đang mong muốn đó là Ứng dụng của chúng tôi được phát hành hoàn toàn miễn phí (FREE), các bạn khi xem truyện tranh sẽ không phải tốn bất kì khoản chi phí nào, bên cạnh đó truyện của chúng tôi được tổng hợp từ các nguồn web truyện hàng đầu ở Việt Nam nên đảm bảo mang lại trải nghiệm tốt nhất cho người đọc.... Chính vì vậy chỉ mong mọi người rating 5 Sao cho App là chúng tôi rất vui rồi.\r\n* Sơ lược tính năng của Ứng dụng Truyện Tranh Tổng Hợp chúng tôi:\r\n- Đây là ứng dụng gọn nhẹ, tốc độ tải hình ảnh cực nhanh và hoàn toàn miễn phí.\r\n- Giao diện thân thiện,dễ dàng, hình ảnh đẹp, đặc biệt chất lượng hình ảnh của truyện cực kỳ tốt không làm bạn đau mắt. (Một số trường hợp hình bị lỗi thì các bạn vui lòng báo về để ban quản trị tiến hành chỉnh sửa sớm nhé!)\r\n- Hỗ trợ tìm kiếm truyện nhanh chóng trong vòng 5s, đánh dấu truyện đang đọc mà không cần phải đăng nhập. (Sẽ sớm cập nhật bản đăng nhập để hỗ trợ anh em nhiều hơn)\r\n- Một số truyện đặc sắc của Ứng Dụng được giới thiệu đến các bạn đó là One Piece, Onepunch Man, Truyện tranh 18 cực kỳ nóng bỏng...\r\n- Ứng dụng tương thích với tất cả các thiết bị điện thoại và tablet Android với mọi loại màn hình khác nhau.\r\n- Ứng dụng được phát triển dựa trên ý tưởng và tham khảo ý kiến từ các bạn độc giả, chính vì vậy mọi ý kiến của các bạn sẽ là định hướng để phát triển cho App sau này.\r\nLời cuối Ứng dụng Truyện Tranh (TruyenTH) xin chúc tất cả các bạn có những giây phút đọc truyện thật vui vẻ . Hãy đóng góp ý kiến về chất lượng của ứng dụng cho chúng tôi. Đội ngũ phát triển App luôn mong muốn nhận được sự đóng góp ý kiến của các bạn. Chúng tôi hứa sẽ tiếp nhận và cải thiện chất lượng của ứng dụng một cách tốt nhất để làm hài lòng các bạn.\r\n', 'Phương châm của đội ngũ quản trị viên TruyenTH là chất lượng ứng dụng luôn được đặt lên hàng đầu và người sử dụng luôn luôn là số một (nếu bạn là số 2 thì chắc chắn không có số 1 hehe).\r\nNếu các bạn gặp bất cứ vấn đề gì hay đưa ra ý kiến trong quá trình sử dụng vui lòng liên hệ với chúng tôi qua Email hoặc trực tiếp ở phần đánh giá.\r\nHãy cài đặt ngay và thưởng thức các bộ truyện tranh mà mình yêu thích nhé!\r\n', 5, 48, '1619769390_TruyenTranhTiengVietTongHop.zip'),
(51, 'Tiến Lên Miền Nam', '051', '0', '1619769613_TienLenICON.jpg', '1619769613_TienLen1.jpg', '1619769613_TienLen2.jpg', '1619769613_TienLen3.jpg', 'Đánh bài Tiến Lên (Danh bai tien len) hay còn gọi là Tiến Lên Miền Nam (Tien Len, TLMN, TLMB, TL) là dung bộ bài tây 52 lá, chia đều cho mỗi người 13 lá, người chơi có nhiệm vụ giải phóng bài của mình, ai hết bài trước thì thắng. Đây là trò chơi đơn giản, hấp dẫn của Việt Nam, đặc biệt được chơi nhiều nhất ở dịp tết âm Lịch.\r\n\r\nTien Len Offline tặng quà miễn phí hàng ngày, kết hợp với hình ảnh đẹp và âm thanh sống động, thực sự là 1 trò chơi giải trí và luyện rèn kỹ năng chơi Tiến Lên Miền Nam cho game thủ mobile.\r\n\r\n⭐⭐⭐ TÍNH NĂNG NỔI BẬT ⭐⭐⭐\r\n Hoàn toàn miễn phí và không cần nạp tiền\r\n Đặc biệt không cần internet, chơi được mọi nơi mọi lúc\r\n⭐ Giao diện gameplay đẹp, đồ hoạ đẹp mắt\r\n Luật chơi đầy đủ:\r\n✔️ TRUYỀN THỐNG\r\n✔️ NHẤT ĂN TẤT\r\n✔️ ĐẾM LÁ\r\n Có 3 phòng chơi:\r\n✔️ Phòng 2 người\r\n✔️ Phòng 3 người\r\n✔️ Phòng 4 người\r\n⭐ Có nhiều bàn chơi đẹp cho bạn chọn lựa\r\n⭐ Mức cược tuỳ chỉnh theo ý thích\r\n⭐ Hỗ trợ 2 ngôn ngữ chính: Vietnam, English\r\n', 'LƯU Ý:\r\nMục đích của game Tien Len Offline nhằm tạo ra sân chơi mô phỏng đánh bài Tiến Lên, giúp người chơi giải trí và nâng cao kỹ năng chơi Tiến Lên. Trong game không có bất kì giao dịch tiền hoặc đổi thưởng.\r\n\r\n??? Tham gia nào các bạn! \r\n', 6, 49, '1619769613_TienLen.zip'),
(52, 'UNO!', '052', '0', '1619769705_UNOICON.jpg', '1619769705_UNO1.jpg', '1619769705_UNO2.jpg', '1619769705_UNO3.jpg', 'UNO! ™, kỷ niệm 50 năm kỷ niệm vui vẻ bên gia đình và bạn bè với trò chơi bài cổ điển này! UNO! ™ hiện đã có trên thiết bị di động của bạn với các quy tắc, giải đấu, chế độ chơi mới và hơn thế nữa. Cho dù bạn đang ở nhà, đang di chuyển, một cựu chiến binh UNO hay hoàn toàn mới, UNO! ™ luôn có thứ gì đó cho mọi người trong gia đánh. UNO! ™ là máy trộn hoàn hảo cho một trò chơi bài thân thiện với gia đình cạnh tranh mọi lúc mọi nơi!\r\n\r\nSẵn sàng. Bộ. UNO! ™\r\n- Chơi trò chơi bài cổ điển, UNO! ™ hoặc chọn từ nhiều quy tắc của nhà cái để chơi trong các trận đấu thời gian thực\r\n- Cạnh tranh trong các giải đấu và sự kiện để giành phần thưởng và đứng đầu bảng xếp hạng\r\n- Hợp tác với bạn bè hoặc gia đình, ở chế độ 2v2 và cộng tác để giành chiến thắng\r\n- Kết nối mọi lúc, mọi nơi với gia đình hoặc bạn bè từ khắp nơi trên thế giới trong các Câu lạc bộ UNO! ™\r\n- Bây giờ bạn có thể sử dụng các nhãn dán tùy chỉnh của mình từ Bitmoji!\r\n- Kỷ niệm với UNO! ™, năm 2021 là kỷ niệm 50 năm của trò chơi bài cổ điển UNO! ™.  UNO! ™ đã chuẩn bị rất nhiều sự kiện và bất ngờ để mở ra lễ hội kỷ niệm 50 năm thành lập!\r\n\r\nĐẶC TRƯNG\r\nTrò chơi cổ điển trong tầm tay bạn\r\nBạn mới sử dụng UNO! ™ hoặc muốn chơi trò chơi bài yêu thích của mình? Nhấn Chơi nhanh và bắt đầu một trò chơi mới với các quy tắc UNO! ™ cổ điển.\r\n\r\n\r\nQuy tắc phòng của bạn\r\nTrong Chế độ phòng, hãy mời bạn bè hoặc gia đình và thiết lập các quy tắc trong nhà của riêng bạn. Chơi các thẻ mới như “Wild Punch” để gửi lại +4 Wild ngay cho người đó chơi nó. Hoặc sử dụng các quy tắc như \"Xếp chồng\" và xem một người chơi không may mắn xếp các thẻ vào tay họ. UNO! ™ là một bữa tiệc thân thiện với gia đình, giúp mọi người dễ dàng tham gia!\r\n\r\nBuddy Up\r\nTìm bạn bè hoặc gia đình và đối tác để chiến đấu ở chế độ 2v2. Giúp nhau giảm số bài của bạn (hoặc của đồng đội) xuống 0 càng nhanh càng tốt để đánh bại đội kia!\r\n\r\nKết nối, Trò chuyện, Yell UNO! ™\r\nKết nối với bạn bè trong các câu lạc bộ UNO! ™ và gửi quà cho nhau. Lập chiến lược và cổ vũ lẫn nhau!\r\n', 'Nhiều trận đấu thời gian thực\r\nCạnh tranh trong các giải đấu và sự kiện đặc biệt để giành phần thưởng. Đứng đầu bảng xếp hạng và giới thiệu với bạn bè và gia đình của bạn!\r\n\r\nGo Wild - Không, thực sự\r\nChế độ không có rào cản này cũng kỳ quặc như UNO! ™ có được. Hãy quên chế độ cổ điển đi - bật các quy tắc của nhà cái, chơi hai bộ bài và thắng gấp 200 lần số tiền bạn đặt! Nhưng hãy cẩn thận, trong chế độ chơi hoang dã này, bạn thắng lớn hoặc ra về tay trắng! Bạn có cho thách thức?\r\n', 6, 50, '1619769705_UNO.zip'),
(53, 'Ba Cây Poker', '053', '0', '1619769793_BaCayPokerICON.jpg', '1619769793_BaCayPoker1.jpg', '1619769793_BaCayPoker2.jpg', '1619769793_BaCayPoker3.jpg', 'Best Ba Cây Poker đến trực tuyến! Tham gia một chuyến đi ảo đến sòng bạc và đắm mình trong sự phấn khích! Ba Cây Poker đáp ứng tất cả những gì bạn có thể tưởng tượng trong một trò chơi poker!\r\nChơi Ba Cây Poker với hàng triệu người bạn thực sự tràn khắp thế giới! Thử thách bản thân để cải thiện kỹ năng chơi poker của bạn và trở thành người chiến thắng poker thực sự.\r\nHãy có trải nghiệm chơi game nhập vai không thể so sánh được tại đây với các tính năng trò chơi độc quyền và nhiều chế độ chơi.\r\n\r\nTính năng trò chơi độc quyền\r\n\r\nTiền thưởng lớn: Đăng nhập mỗi ngày để nhận chip miễn phí hàng ngày và tiếp tục chơi! Nhiều tiền thưởng trong trò chơi hơn bạn có thể nghĩ!\r\nTrò chơi nhanh: Người chơi sẽ được kết hợp nhanh chóng vị trí chơi sẽ bắt đầu ngay lập tức!\r\nKết nối Internet: Hoạt động mượt mà trên kết nối 3G, 4G và WIFI nhanh chóng, mang đến trải nghiệm chơi game Ba Cây Poker nhanh hơn và mượt mà hơn!\r\n\r\nHãy tận hưởng niềm vui bất tận ở mọi nơi, mọi lúc với Ba Cây Poker! Đây chắc chắn là trò chơi poker đích thực nhất mà bạn có thể tìm thấy trong cửa hàng!\r\n', 'Xin lưu ý rằng trò chơi này không cung cấp cờ bạc bằng tiền thật hoặc cơ hội giành được tiền thật hoặc giải thưởng. Các chip bạn thắng hoặc thua không có giá trị tiền mặt thực.', 6, 51, '1619769793_BaCayPoker.zip'),
(54, 'Titans Clash', '054', '0', '1619769892_TitansClashICON.jpg', '1619769892_TitansClash1.jpg', '1619769892_TitansClash2.jpg', '1619769892_TitansClash3.jpg', 'Đắm mình trong câu chuyện Attack on Titan và hỗ trợ nhân loại lấy lại vinh quang và tự do. Phù hợp với cách của bạn để giành chiến thắng trong game nhập vai hành động chiến thuật, Titan Clash! Thu thập và điều khiển các anh hùng Attack on Titan, thực hiện các trận đấu giải đố trong thời gian thực và đánh bại bầy khổng lồ trong một nhiệm vụ hoành tráng để cứu nhân loại trước khi thế giới sụp đổ!\r\n\r\n*** Attack on Titan Quest ***\r\nTitans Clash bao gồm cốt truyện nhập vai với sự phát triển nhân vật tương tác và mở rộng. Thu thập các anh hùng yêu thích của bạn như Eren, Armin, Mikasa và Captain Levi, huấn luyện họ một cách khôn ngoan và chuẩn bị cho các anh hùng của bạn trong hành trình khám phá. Tùy chỉnh đội hình của bạn và quản lí Kỹ năng cho các trận chiến sắp tới.\r\n\r\n*** Các trận chiến chiến thuật tuyệt đẹp ***\r\nChiến đấu giải đố trong thời gian thực và nhịp độ nhanh! Phù hợp với các khối kỹ năng của anh hùng của bạn để nhanh chóng quét sạch những kẻ khổng lồ. Bạn cũng thực hiện nhiều trận đấu, các cuộc tấn công của bạn sẽ càng tàn khốc hơn. Điền vào đồng hồ đo điện của bạn để cung cấp kỹ năng đặc biệt cho nhân vật. Và có cơ hội để kích hoạt MỘT HIT GIẾT và chạm vào gậy của những người khổng lồ giống như trong truyện!\r\n\r\n***Chiến đấu và vinh quang***\r\nSau khi tăng cường sức mạnh cho các anh hùng của bạn, hãy đưa họ vào trận chiến Arena để kiểm tra sức mạnh của bạn với người chơi khác! Tìm sự kết hợp chiến thắng và leo lên các thứ hạng cao nhất của Bảng xếp hạng đấu trường.\r\n\r\nSỐ CHẾ ĐỘ TR? CHƠI ANH HÙNG\r\n- Trận chiến trong ngục tối: Khôi phục cao độ hệ thống chiến đấu trong câu chuyện, Thiết bị cơ động dọc, điểm yếu của Titan và trận chiến trên ngựa.\r\n- Đấu trường: Đấu với những người chơi khác để chứng minh giá trị của bạn!\r\n- Khám phá: Thử thách đến giới hạn của bạn khi bạn chiến đấu với mức độ khó tăng dần!\r\n- Thử nghiệm của anh hùng: Nhận được nhiều phần thưởng khi bạn thể hiện sức mạnh của mình.\r\n- Quân đoàn chiến: Hợp tác với các thành viên quân đoàn của bạn để giành được vinh dự là quân đoàn mạnh nhất !!\r\n', 'ỦNG HỘ\r\nNếu bạn cần liên hệ với bộ phận Hỗ trợ khách hàng, vui lòng gửi email cho chúng tôi theo địa chỉ help@miq.cn.\r\n', 6, 52, '1619769892_TitansClash.zip'),
(55, 'Clash of Deity', '055', '0', '1619769995_ClashofDeityICON.jpg', '1619769995_ClashofDeity1.jpg', '1619769995_ClashofDeity2.jpg', '1619769995_ClashofDeity3.jpg', 'Thần tồn tại và niềm tin của con người\r\nSẽ chết vì mọi người không còn tin nữa\r\nKhi hoả họan đang đến gần\r\nCác vị thần phải tự cứu mình như thế nào\r\nĐứng cùng nhau?\r\nHay gây ra một cuộc chiến tranh ngày tận thế?\r\n\r\nClash of Deity là một trò chơi thẻ bài IDLE với hơn 100 nhân vật vị thần phương Đông và phương Tây. Hơn nữa, trò chơi có các trại phong thần đa dạng, khám phá Roguelike sáng tạo, lối chơi đấu trường PVP & GVG đặc biệt và góc nhìn 3D sáng tạo. Chúng tôi hy vọng sẽ mang đến cho người chơi một trải nghiệm game khác biệt và độc đáo! Chỉ cần để lại và tận hưởng nó!\r\n\r\n[Tính năng trò chơi]\r\n\r\n- Thiết kế các vị thần sử thi\r\nTìm nguyên mẫu từ các thần thoại trên toàn thế giới, lấy cảm hứng từ cổ đại, hiện tại và tương lai, để tạo ra hàng trăm hình ảnh đặc biệt của các vị thần! Pantheon đang chờ bạn chinh phục!\r\n\r\n- Chế độ chiến lược thời gian thực 3D\r\nDưới góc nhìn 3D độc đáo, tự do lựa chọn năm vị thần để tạo ra và số khả năng kết hợp! Thưởng trại, Cấm trại, Điều chỉnh đội hình, Kết hợp đấng thế, tất cả đều có thể giúp bạn đánh bại những kẻ mạnh mọi lúc, mọi nơi!\r\n\r\n- Khám phá Hầm ngục Ma cung sáng tạo\r\nTrò chơi khám phá giống như giả mạo, các ngục tối đa dạng và các âm mưu giải đố được thiết kế tốt. Bạn sẽ không cảm thấy mệt mỏi khi chơi những trò chơi này!\r\n\r\n- Nhà thi đấu nổi tiếng thế giới\r\nTham gia bang hội, thách đấu BOSS bang hội, tham gia các cuộc thi bá chủ, giành phần thưởng lớn và địa vị tối cao! Hoặc bạn có thể tận hưởng trò chơi đấu trường cyberpunk, nơi người chơi từ khắp nơi trên thế giới có thể thành lập một đội một cách công bằng! Ai có thể khao khát đứng đầu tất cả các vị thần?\r\n\r\n- Trò chơi vô tư\r\n', 'Công việc và học tập bận rộn như vậy, chơi game chắc cũng dễ dàng hơn đúng không? Hãy để các vị thần của bạn chiến đấu cho bạn khi bạn đăng xuất! Đạt được phần thưởng khi bạn đăng nhập!', 6, 53, '1619769995_ClashofDeity.zip'),
(56, 'Huyền Thoại Runeterra', '056', '0', '1619770122_Huyen ThoaiRuneterraICON.jpg', '1619770122_Huyen ThoaiRuneterra1.jpg', '1619770122_Huyen ThoaiRuneterra2.png', '1619770122_Huyen ThoaiRuneterra3.jpg', 'Trong game thẻ bài chiến thuật này, yếu tố quyết định chiến thắng là kỹ năng chứ không phải may mắn. Hãy kết hợp các anh hùng, đồng minh và các khu vực của Runeterra để tạo ra những bộ combo đa dạng và vượt mặt đối thủ.\r\n\r\nLÀM CHỦ MỌI KHOẢNH KHẮC\r\nLối chơi đa dạng, biến ảo sẽ cho phép bạn luôn có thể tìm ra cách phản đạn, nhưng đối thủ của bạn cũng vậy. Có nhiều anh hùng để bạn lựa chọn cho bộ bài của mình, mỗi anh hùng đều có cơ chế khác nhau được lấy cảm hứng từ chính kỹ năng của họ trong Liên Minh Huyền Thoại.\r\n\r\nAnh hùng là những lá bài mạnh mẽ mà bạn có thể thăng cấp để họ trở nên càng mạnh hơn nữa. Chơi và thăng cấp anh hùng nhiều lần để nhận được điểm Thông Thạo Anh Hùng.\r\n\r\nLỐI CHƠI KHÔNG NGỪNG ĐỔI MỚI\r\nCác anh hùng và đồng minh trong game đều tới từ những khu vực quen thuộc trong Runeterra: Demacia, Noxus, Freljord, Piltover & Zaun, Ionia, Targon, Shurima và Quần Đảo Bóng Đêm.\r\n\r\nHãy khám phá xem sự kết hợp giữa những anh hùng khác nhau từ các khu vực khác nhau sẽ cho bạn lợi thế như nào trước đối thủ nhé. Kết hợp, thử nghiệm và sáng tạo \"\"bá đạo\"\" trong các bản cập nhật mới được ra mắt thường xuyên về meta thay đổi không ngừng.\r\n\r\nTHÀNH BẠI TẠI KỸ NĂNG, CHỨ KHÔNG PHẢI NHỜ NẠP TIỀN\r\nNhận thẻ bài miễn phí hoặc mua trực tiếp những lá bài bạn muốn bằng mảnh ngọc và lá bài bí ẩn. Bạn sẽ hoàn toàn làm chủ bộ bài của mình và không cần phải trả tiền cho những gói bài ngẫu nhiên. Mặc dù có thể mua ngay những lá bài mong muốn, nhưng bạn cũng có thể hoàn thành bộ sưu tập mà không tốn một xu.\r\n\r\nDễ thắng hay bại, qua mỗi trận đấu bạn đều nhận được điểm kinh nghiệm để hoàn thiện tiến trình của mình. Hãy chọn khu vực bạn muốn khám phá trước, đồng thời mở khoá đồng minh, bài phép và các anh hùng yêu thích.\r\n\r\nMỗi tuần bạn sẽ được mở rương từ Kho Báu. Càng chơi nhiều, rương càng cao cấp hơn, nhờ đó độ hiếm của các lá bài trong rương cũng càng tăng (từ cấp độ thường lên đến cấp độ anh hùng) .\r\n\r\nLEO HẠNG\r\nVào cuối mỗi mùa giải, 1.024 tuyển thủ đạt tiêu chuẩn tại 4 khu vực của HTR (Châu Mỹ, Châu Âu, Châu Á vf Đông Nam Á) sẽ cùng nhau tranh tài và niềm tự hào, vinh quang và giành lấy giải thưởng tiền mặt trong Giải Đấu Theo Mùa.\r\n\r\nTuy nhiên, chơi xếp hạng không phải là cách duy nhất để bạn được quyền tham gia Giải Đấu Theo Mùa, chế độ So Găng Cuối Cùng cũng là một cách để giành suất tham dự. So Găng là chế độ cạnh tranh có giới hạn thời gian với luật lệ khác biệt và phần thưởng độc quyền.\r\n', 'Trong chế độ Viễn Chinh, hãy xây dựng bộ bài bằng cách lựa chọn anh hùng, tuỳ tùng và bài phép từ khắp nơi trên Runeterra, ngay cả những lá bài không có trong bộ sưu tập của bạn! Sau đó hãy thử nghiệm chiến thuật mới để thi đấu, chiến thắng và giành lấy phần thưởng.\r\nPhiên Thử Nghiệm là chế độ chơi giới hạn thời gian hiện đang được thử nghiệm. Chế độ này chú trọng nhiều hơn vào việc thay đổi cơ chế chơi cổ điển của Huyền Thoại Runeterra. Chọn một bộ bài tạo sẵn với một số hạn chế nhất định hoặc sử dụng bộ bài của bạn. Luật chơi ở chế độ này luôn luôn thay đổi và đôi khi bạn sẽ cần sự trợ giúp từ bạn bè đấy! Hãy theo dõi thường xuyên để biết Heimerdinger đang thực hiện những thí nghiệm gì nhé.\"\r\n', 6, 54, '1619770122_Huyen ThoaiRuneterra.zip'),
(57, 'Pirates Outlaws', '057', '0', '1619770236_PiratesOutlawsICON.jpg', '1619770236_PiratesOutlaws1.jpg', '1619770236_PiratesOutlaws2.jpg', '1619770236_PiratesOutlaws3.jpg', 'Pirates Outlaws là một trò chơi thẻ bài roguelike độc lập, trong đó bạn điều hướng các vùng biển nguy hiểm và thách thức các bậc thầy của chúng. Cuộc thám hiểm của bạn sẽ đầy rẫy những cuộc phục kích và sẽ không hề dễ dãng.\r\n\r\n15 anh hùng có sẵn với khả năng độc đáo và bộ bài được tạo sẵn. Hơn 500 thẻ và 160 di vật để thu thập. Chơi bài của bạn và quản lí Đạn của bạn để có kết hợp tốt nhất. Đánh bại hơn 100 tên ngoài vòng pháp luật và 50＋ tên trộm duy nhất trong hệ thống chiến đấu theo lượt.\r\n\r\n3 chế độ chơi có thể được thưởng thức.\r\n\r\nĐIỀU HƯỚNG\r\nTrong chế độ Điều hướng, bạn quản lí cuộc thám hiểm của mình trên các chân trời khác nhau để khám phá và chiến đấu với những tên cướp biển và những kẻ ngoài vòng pháp luật đang cản đường bạn. Bạn có thể mở khóa tối đa 6 bản đồ và chương với độ khó và bí mật riêng.\r\n\r\nSau khi danh tiếng đạt đến 9999, Chế độ cứng sẽ tự động mở khóa. Môi trường khắc nghiệt hơn và kẻ thù mạnh hơn. Mỗi chương cũng có thử thách riêng trong Chế độ Khó.\r\n\r\nARENA\r\nTrong bụi của đấu trường, bạn sẽ phải đối mặt với mỗi 10 trận chiến với một Nhà và địch mạnh mẽ. Để lên đến đỉnh, bạn phải chọn trong số các thẻ và thành tích từ tất cả 6 chương. Một nơi cho tất cả những tên cướp biển cần thử thách.\r\n\r\nTAVERN BRAWL\r\nKiểm tra sức mạnh và kiến thức của bạn qua đồ uống tại quán rượu. Chọn các gai làm sẵn trước mỗi trận chiến và đánh bại làn sóng cướp biển. Sau 2 trận chiến, hãy đánh bại Tavern Keeper.\r\n', 'Ngôn ngữ bản địa hóa\r\nTiếng Anh, tiếng Trung, tiếng Trung phồn thể, tiếng Pháp, tiếng Hàn, tiếng Tây Ban Nha, tiếng Nhật, tiếng Nga, tiếng Đức.\r\n', 6, 55, '1619770236_PiratesOutlaws.zip'),
(58, 'Three Kingdoms', '058', '0', '1619770384_ThreeKingdomsICON.jpg', '1619770384_ThreeKingdoms1.jpg', '1619770384_ThreeKingdoms2.jpg', '1619770384_ThreeKingdoms3.jpg', 'Tính năng trò chơi:\r\n1.Hàng trăm kỹ năng anh hùng. Chơi có chiến lược!\r\n2. Hệ thống đào tạo anh hùng không thể thiếu. Tu luyện tùy ý!\r\n3. Yêu cầu VIP EXP và kim cương miễn phí. Không có bất kỳ giới hạn nào!\r\n4. đăng nhập hang ngày để nhận lần tuyển dụng miễn phí. Thử vận may của bạn!\r\n5.SR có thể được đánh thức là SSR. Không có anh hùng vô dụng!\r\n', 'Loại game nhập vai Tam Quốc hay nhất được sưu tầm Triệu tập CÁC ANH HÙNG từ thời đại BA VUA của Trung Quốc, dẫn dắt họ trên chiến trường để so tài và tạo ra một lối thoát qua thời kỳ hỗn loạn của nhà Hán!\r\n\r\nHợp nhất ba vương quốc dưới sự cai trị của bạn, tạo nên triều đại vĩ đại tiếp theo, số phận của đế chế nằm trong tay bạn!\r\n', 6, 56, '1619770384_ThreeKingdoms.zip'),
(59, 'Hearthstone', '059', '0', '1619770480_HearthstoneICON.jpg', '1619770480_Hearthstone1.jpg', '1619770480_Hearthstone2.png', '1619770480_Hearthstone3.jpg', 'Từ studio để mang đến cho bạn World of Warcraft® và Overwatch®, hãy đến với HEARTHSTONE®, trò chơi đánh bài sưu tập từng đoạt giải thưởng của Blizzard Entertainment! Thu thập các thẻ bài mạnh mẽ và tạo ra các bộ bài hùng mạnh. Triệu hồi tay sai và sử dụng một câu thần chú để giành quyền kiểm soát chiến trường luôn thay đổi. Sử dụng một chiến lược thành thạo và đánh bại tất cả những người chơi dám thách thức bạn.\r\n\r\nMỗi lá bài mang đến cho cuộc sống một khả năng phi thường; sử dụng chiến lược để tạo bộ b?i của bạn và các thủ thuật thông minh để xoay chuyển tình thế của các trận chiến PvE và PvP này. Cho dù họ là tay sai, một pháp thuật, nhiệm vụ hay anh hùng, thì một lá bài Hearthstone có thể thay đổi đáng kể cuộc đấu tay đối với các hiệu ứng mạnh mẽ và các tương tác điên rồ. Chơi như một kẻ lừa đảo thông minh, một pháp sư mạnh mẽ hoặc bất kỳ người nào khác trong mười lớp Anh hùng của trò chơi - tất cả đều miễn phí!\r\n\r\nTrải nghiệm sự kỳ diệu, nghịch ngợm và lộn xộn với bạn bè của bạn. Chiến đấu với bạn bè và tham gia cùng hàng triệu người chơi xung quanh lò sưởi để thưởng thức Hearthstone và TẢI XUỐNG NGAY HÔM NAY!\r\n\r\nMỘT TRƯỜNG ĐẠI HỌC CHIẾN BINH MỞ RỘNG. Tham gia trận chiến với các anh hùng Warcraft yêu thích của bạn như Illidan Stormrage, Jaina Proudmore và hơn thế nữa. Khám phá các địa điểm mang tính biểu tượng từ vũ trụ Warcraft thân yêu khi bạn làm chủ bộ bài của mình, thu thập các thẻ bài và tập hợp các đòn kết hợp mạnh mẽ, trong trò chơi thẻ bài chiến lược xảo quyệt có nhịp độ nhanh này. Làm chủ những điều bất ngờ và giành quyền kiểm soát các chiến trường của Azeroth.\r\n\r\nCHƠI CHẾ ĐỘ TRÒ CHƠI HIT HEARTHSTONE BATTLEGROUNDS. Mời bạn bè chơi Battlegrounds với bạn, nơi tìm anh hùng cạnh tranh trong một trận chiến tự động PvP. Người đứng cuối cùng nhận lấy tất cả! Bạn sẽ kết thúc với vương miện Battlegrounds chứ?\r\n\r\nXÓA KẺ THÙ CỦA BẠN, CHIẾN ĐẤU CHO GLORY. Nhặt một thẻ và sẵn sàng chiến đấu trong TCG nhịp độ nhanh này! Du hành theo cách của bạn thông qua một thế giới kỳ lạ của chiến lược xảo quyệt và may mắn, mang lại kết quả tàn khốc với mỗi lá bài bạn chơi.\r\n\r\nQUYẾT ĐỊNH ĐƠN GIẢN. HOÀN TOÀN VUI VẺ.\r\n\r\n\r\nĐẶC TRƯNG:\r\n\r\nẨN TẬP KỸ NĂNG CỦA BẠN: Thực hành chống lại các anh hùng do máy tính điều khiển trong các cuộc phiêu lưu PvE, các đối thủ cạnh tranh khốc liệt trên khắp thế giới trong PvP thời gian thực và đấu với những Anh hùng mạnh nhất trong vũ trụ Warcraft. Jaina, Thrall, Uther và Illidan, v.v. - những huyền thoại này đều có ở đây!\r\n\r\nJUMP RIGHT IN: Các nhiệm vụ giới thiệu th? vị đưa bạn vào thế giới trò chơi trực quan của Hearthstone, chỉ vài giây nữa là đến trận đấu đầu tiên của bạn!\r\n\r\nDUEL EPIC HEROES, GLORY AWAITS: Đánh bại các đối thủ khó chơi trên khắp thế giới trong PvP thời gian thực, giành chiến thắng và chế tạo bộ bài của bạn bằng hàng trăm thẻ bài độc đáo - bộ sưu tập của bạn phát triển cùng bạn trong CCG này.\r\n\r\nTRẢI NGHIỆM 8 NGƯỜI CHƠI: Bạn đã sẵn sàng đưa các kỹ năng của mình vào Battlegrounds chưa? Bạn và 7 đối thủ khác đảm nhận vai trò của những Anh hùng quen thuộc trong lịch sử WoW, tạo ra những bảng quyền lực gồm những tay sai được tuyển dụng và đấu tay đôi trong trận chiến tự động này cho đến khi một người chiến thắng duy nhất được đăng quang!\r\n\r\nTRÒ CHƠI ĐI DU LỊCH CÙNG BẠN. Tài khoản Blizzard của bạn liên kết với Hearthstone, cho phép bạn chơi đa nền tảng với bạn bè từ thiết bị di động và máy tính để bàn một cách dễ dàng. Chơi Hearthstone, mọi lúc mọi nơi.\r\n\r\nCho dù đó là trò chơi bài đầu tiên của bạn hay bạn là một chuyên gia có kinh nghiệm, thì chiều sâu và sự quyến rũ của Hearthstone sẽ thu hút bạn. Vì vậy, bạn còn chần chừ gì nữa? Trong Hearthstone, đó là cuộc đấu trí và xây dựng bộ bài để tạo ra các chiến lược mạnh mẽ. Tải xuống và chơi ngay hôm nay.\r\n', '© 2014-2021 Blizzard Entertainment, Inc. Hearthstone và Blizzard Entertainment là các nhãn hiệu hoặc nhãn hiệu đã đăng kí của Blizzard Entertainment, Inc. tại Hoa Kỳ và các quốc gia khác', 6, 57, '1619770480_Hearthstone.zip'),
(60, 'Altru Park', '060', '0', '1619770572_AltruParkICON.png', '1619770572_AltruPark1.jpeg', '1619770572_AltruPark2.jpg', '1619770572_AltruPark3.jpg', 'Thế giới rộng lớn đến đâu cũng không lớn hơn ước mơ thuở nhỏ. Ý nghĩa của cuộc sống nằm ở sự tiếp tục, và ý nghĩa của giấc mơ nằm ở sự thăng tiến. Chào mừng bạn đến với Super Dreamland- \"Công viên Altru\", nơi sinh sống của tất cả các loại yêu tinh kỳ lạ. Bạn có thể chọn cách chung sống hòa thuận với chúng hoặc chiến đấu với chúng, điều này sẽ mang lại cho bạn những niềm vui bất ngờ.', 'Hãy nhanh tay và tải về máy, bạn sẽ không bao giờ hối tiếc!', 6, 58, '1619770572_AltruPark.zip'),
(61, 'Babilala: English For Kids', '061', '0', '1619770659_BabilalaICON.png', '1619770659_Babilala1.png', '1619770659_Babilala2.jpg', '1619770659_Babilala3.jpg', 'Babilala là một ứng dụng giáo dục miễn phí dành cho trẻ em từ 3 đến 8 tuổi để bắt đầu và phát triển các kỹ năng tiếng Anh. Chương trình được thiết kế logic bởi các chuyên gia giáo dục sớm Việt Nam và quốc tế, gắn với chuẩn ngôn ngữ chung Châu Âu CEFR.\r\n\r\nSử dụng giáo trình Cambridge làm cốt lõi, Babilala giúp trẻ mầm non học tiếng Anh một cách có hệ thống. Chúng tôi tin rằng Babilala là một khởi đầu hoàn hảo cho một thế hệ tương lai mong muốn có được cơ hội học tiếng Anh.\r\n\r\nĐiểm thú vị của khóa học:\r\n- Hệ thống toàn diện các khóa học tương đương với Chứng chỉ Cambridge Starter, gồm 3 cấp độ, 75 chủ đề, 5000 trò chơi tương tác.\r\n- Học trực tuyến tại nhà trên điện thoại, máy tính bảng / iPad chỉ 15-20 phút / ngày và phục vụ 24/7.\r\n- Các bài học của Babilala được xây dựng sinh động, hài hước nhằm khơi gợi hứng thì học tiếng Anh của bè.\r\n- Phương pháp học nhập vai và tương tác: Từ mới, mẫu câu được giới thiệu một cách tự nhiên trong ngữ cảnh. Sử dụng hoạt hình và các trò chơi tương tác, giúp trẻ ghi nhớ tốt và lâu hơn các phương pháp khác.\r\n- Học tiếng Anh qua trò chơi: Trẻ em nhảy theo giai điệu của 35 bài hát tiếng Anh Bản quyền duy nhất trên Babilala và chơi 5000 trò chơi tương tác.\r\n- Trẻ phát âm tiếng Anh chuẩn với công nghệ iSpeak: Sử dụng công nghệ nhận diện giọng nói của Google. Chấm điểm, sửa lỗi kịp thời và khuyến khích trẻ mạnh dạn giao tiếp.\r\n\r\nMục tiêu khóa học:\r\n- Cải thiện tổng thể các kỹ năng Nghe - Nói - Đọc - Viết.\r\n-Làm quen với tiếng Anh, phát triển hứng thú học tập, xây dựng nền tảng vững chắc.\r\n- Nắm vững 3000 từ mới với 300 mẫu câu thông dụng và sử dụng các mẫu kiến thức đã học để giao tiếp cơ bản.\r\n- Trẻ phát âm chuẩn nhờ học với giáo viên nước ngoài và luyện nói với công nghệ luyện nói I-Speak độc quyền.\r\n- Không chỉ giúp bé nâng cao vốn từ vựng, Babilala còn vượt qua cả kiến thức sách giáo khoa giúp bé mở mang kiến thức đời sống, khám phá văn hóa.\r\n- Babilala có 75 chủ đề về trẻ em và cuộc sống của chúng như gia đình, đi học, động vật, màu sắc vô số.\r\n', 'Các chức năng ứng dụng:\r\n- Nội dung được xây dựng với 75 chủ đề quen thuộc, 100 bài hát, 3000 từ, 5000 trò chơi tương tác.\r\n- Trò chơi tương tác dễ dàng. Giúp trẻ ghi nhớ từ vựng một cách tự nhiên.\r\n- Công nghệ iSpeak chấm điểm và kiểm tra lỗi phát âm kịp thời\r\n- Bộ sưu tập sticker bắt mắt thu hút các bé học tập trên Babilala\r\n- Theo dõi chi tiết kết quả học tập và chia sẻ thành tích.\r\n- Cho phép 1 tài khoản nghiên cứu trên nhiều thiết bị\r\n- Được hỗ trợ và hướng dẫn hiệu quả từ đội ngũ giảng viên có nhiều kinh nghiệm trong lĩnh vực đào tạo tiếng Anh\r\n- Không có quảng cáo và hoàn toàn an toàn cho trẻ em.\r\n', 7, 59, '1619770659_Babilala.zip'),
(62, 'U-Dictionary', '062', '0', '1619770832_U-DictionaryICON.jpg', '1619770832_U-Dictionary1.png', '1619770832_U-Dictionary2.jpg', '1619770832_U-Dictionary3.jpg', '* 100.000.000 người dùng trên 150 quốc gia.\r\n* Được Google Play đánh giá là Ứng dụng tốt nhất & Ứng dụng tự cải thiện tốt nhất.\r\n\r\nU-Dictionary là một ứng dụng từ điển và dịch MIỄN PHÍ.\r\n\r\nU-Dictionary hiện đã có Từ điển Oxford chính thức với 12 ngôn ngữ!\r\n\r\nDịch câu ngoại tuyến cũng có sẵn! Thích dịch hoàn toàn ngoại tuyến 58 ngôn ngữ.\r\n\r\nU-Dictionary có các từ điển được phát triển ban đầu, Từ điển nâng cao Collins, Từ điển mạng từ, Ví dụ bản địa, Từ đồng nghĩa, Từ trái nghĩa, v.v. Nó cũng cung cấp các video, trò chơi và câu đố tiếng Anh để giúp cải thiện tiếng Anh của bạn.\r\n\r\nU-Dictionary không chỉ là một từ điển đơn giản! Dễ dàng dịch văn bản, hình ảnh hoặc cuộc hội thoại sang 108 ngôn ngữ. Nó đáp ứng mọi nhu cầu dịch thuật của bạn, kể cả học tập, làm việc và du lịch nước ngoài.\r\n\r\nĐẶC TRƯNG\r\nTừ điển Oxford ngoại tuyến: Kiểm tra từ điển Oxford bằng 12 ngôn ngữ. Học từ một số lượng lớn các định nghĩa từ và câu mẫu có thẩm quyền!\r\nMagic Translation: Dịch trong WhatsApp, Facebook, Youtube, Instagram để theo dõi những gì đang xảy ra với những người nổi tiếng. Trò chuyện không có biên giới và đọc không có rào cản.\r\nDịch văn bản: Dịch giữa hai ngôn ngữ bất kỳ từ 108 ngôn ngữ.\r\nDịch qua máy ảnh: Chụp nhanh để dịch tức thì mọi văn bản xung quanh bạn. Nhận dạng 93 ngôn ngữ.\r\nDịch hội thoại: Dịch giọng nói sang giọng nói giữa 49 trọng âm, 35 ngôn ngữ.\r\nKiểm tra Ngữ pháp: Kiểm tra một văn bản tiếng Anh và dễ dàng sửa lỗi. Tận hưởng khả năng viết không sai sót.\r\nDịch nhanh: Dịch trong 1 giây mà không cần mở U-Dictionary.\r\nTừ điển Ngoại tuyến: Tải xuống miễn phí Gói Ngoại tuyến cho 44 ngôn ngữ và Từ đồng nghĩa, Từ trái nghĩa, Từ điển nâng cao Collins và Từ điển mạng từ.\r\nDịch ngoại tuyến: Tải xuống miễn phí Gói dịch ngoại tuyến cho 58 ngôn ngữ. Miễn phí từ giới hạn mạng.\r\nMàn hình khóa từ: Hiển thị các từ bạn chọn trên Màn hình khóa. Mở rộng vốn từ vựng của bạn bất cứ lúc nào.\r\nCopy to Translate: Sao chép các từ hoặc câu trong bất kỳ ứng dụng nào và hiểu ý nghĩa ngay lập tức. (Lưu ý: Không khả dụng trong Android 10.0+ do hạn chế quyền truy cập.)\r\nMy Words: Đánh dấu các từ quan trọng vào các thư mục khác nhau. Xem xét theo thời gian.\r\n', 'Phát âm tiếng Anh hoàn hảo: Giọng Anh (Anh) và Mỹ (Mỹ) đích thực. Lắng nghe và học hỏi.\r\nVí dụ bản ngữ: Các câu xác thực được thu thập từ các trang web tin tức quốc tế nổi tiếng.\r\nWord Games: Trò chơi tìm từ đồng nghĩa và trò chơi đánh vần. Chơi và học.\r\nVideo vui nhộn: Học tiếng Anh dễ dàng và thú vị.\r\n', 7, 60, '1619770832_U-Dictionary.zip'),
(63, 'Solvee', '063', '0', '1619770909_SolveeICON.jpg', '1619770909_Solvee1.jpg', '1619770909_Solvee2.jpg', '1619770909_Solvee3.jpg', 'Với Solvee, học sinh chỉ cần chụp ảnh đề là có ngay lời giải Toán (Giai toan), Lý, Hóa, Anh lớp 6 đến lớp 12 với độ chính xác lớn tới 80% hỗ trợ tối đa cho việc học và giải bài tập.\r\n\r\n* Cách thức hoạt động:\r\nVới điện thoại kết nối internet, chỉ bằng thao tác chụp ảnh học sinh có thể:\r\n- Giải toán (Giai toan), giải bài tập toán SGK, SBT\r\n- Giải bài tập Vật Lý\r\n- Giải bài tập Hóa Học\r\n- Giải bài tập Tiếng Anh (trắc nghiệm và tự luận)\r\n\r\nSolvee ứng dụng công nghệ AI sẽ nhận hình ảnh đề bài và đưa ra lời giải chính xác hoặc dạng bài tương tự với bài tập. Nhờ đó, học sinh có thể chủ động tham khảo lời giải chi tiết hoặc kiểm tra đáp án nhanh và chính xác nhất tại nhà.\r\n\r\n* Những điểm nổi bật của Solvee - Giải Toán, Lý, Hoá, Anh\r\n- Ứng dụng giải bài tập do người Việt sáng tạo, phù hợp với chương trình giáo dục của Việt Nam\r\n- Robot thông minh tìm lời giải chi tiết từ SGK, SBT, kho đề thi, đề luyện thi THPT\r\n- Lời giải bài tập chi tiết, rõ ràng, chính xác phù hợp, có cả các dạng bài và đáp án tương tự để học sinh luyện tập\r\n- Nhận diện cả chữ viết tay và chữ in\r\n- Bộ đề thi thử phong phú bao quát hết kiến thức có trong kho bài tập Toán, bài tập Vật Lý, bài tập Hóa học, bài tập Tiếng Anh từ lớp 6 đến 12 được cập nhật liên tục.\r\n\r\n* Hướng dẫn sử dụng Solvee - Giải Toán, Lý, Hoá, Anh\r\n\r\n1. Mở ứng dụng, chọn môn học cần giải b?i tập\r\n2. Chụp ảnh bài tập cần giải\r\n3. Khoanh vùng bài tập cần giải trong ảnh (Lưu ý: Chỉ chọn duy nhất 1 bài )\r\n4. Nhận kết quả do AI tìm thấy (lời giải chính xác hoặc lời giải bài tập cùng dạng).\r\n', 'Lời giải bài tập chi tiết, giao diện thân thiện, sao bạn còn chưa tải ngay ứng dụng Solvee - Giải Toán, Lý, Hoá, Anh - người bạn đồng hành, giúp đỡ học sinh lớp 6 đến lớp 12 học tập hiệu quả, vượt qua các kì thi giữa kì, cuối kì, kì thi vào lớp 10 hay thi THPT Quốc gia một cách dễ dàng.', 7, 61, '1619770909_Solvee.zip'),
(64, 'VietJack', '064', '0', '1619770985_VietJackICON.jpg', '1619770985_VietJack1.jpg', '1619770985_VietJack2.png', '1619770985_VietJack3.png', 'VietJack là ứng dụng học trực tuyến hàng đầu với đầy đủ các chức năng như học tốt các môn Toán, lý, hóa, văn, anh, sinh từ tất cả các lớp gồm lớp 3, lớp 4, lớp 5, lớp 6, lớp 7, lớp 8, lớp 9, lớp 10, lớp 11, lớp 11.\r\nNgoài ra các bạn cũng có thể thi online với ngân hàng hàng nghìn đề thi có đáp án của tất cả các lớp, hỏi bài miễn phí và được thầy cô vietjack trả lời\r\nĐối với các bạn mua khóa học cũng sẽ được học trực tuyến các videos trả phí của các thầy cô trên ứng dụng\r\nNỘI DUNG CẬP NHẬT\r\nCác bài học được cập nhật liên tục hàng ngày bởi đội ngũ giáo viên giỏi.\r\nVietJack là ứng dụng đáp ứng gần hết các nhu cầu của học sinh, từ soạn văn, giải toán, học tốt , hỏi bài, thi trực tuyến, khoa học, livestream.... Hãy tải VietJack để cùng trải nghiệm ứng dụng tuyệt vời này nhé.\r\n', 'Mọi ý kiến góp ý xin gửi về email vietjackteam1@gmail.com\r\n\r\nVietJack.com - Học cùng bạn!\r\n', 7, 62, '1619770985_VietJack.zip'),
(65, 'Learn Chinese', '065', '0', '1619771096_LearnChineseICON.jpg', '1619771096_LearnChinese1.png', '1619771096_LearnChinese2.jpg', '1619771096_LearnChinese3.jpg', 'Cập nhật ch?nh: ChineseSkill V6.0.0 mang đến cho bạn một chương trình giảng dạy mới, các hoạt động học tập mới và trải nghiệm mới!\r\n\r\nHọc tiếng Trung - ChineseSkill là ứng dụng phải có cho tất cả những người mới bắt đầu học tiếng Quan Thoại. Ứng dụng này bao gồm hơn 500 bài học nhỏ thú vị và hấp dẫn dạy bạn mọi thứ từ bảng chữ cái tiếng Trung đến ngữ pháp tiếng Trung và rèn luyện các kỹ năng nghe, nói, đọc và viết tiếng Quan Thoại.\r\n\r\nChương trình giảng dạy cốt lõi của ChineseSkill được thiết kế bởi những giáo viên tiếng Trung kỳ cựu với tư cách là giáo viên ngôn ngữ thứ hai từ Đại học Bắc Kinh, trường đại học tốt nhất ở Trung Quốc và được tùy chỉnh cho ngôn ngữ Trung Quốc. Chương trình học bao gồm ngữ pháp và từ vựng cần thiết để vượt qua HSK 1-2.\r\n\r\nCông nghệ đánh giá giọng nói tự động của Trung Quốc, chữ viết tay kí tự Trung Quốc và hoạt hình ám binh am được sử dụng trong ứng dụng ChineseSkill để giúp việc học ngôn ngữ trở nên dễ dàng, thú vị vị hiệu quả hơn. Với ChineseSkill, những người mới bắt đầu hoàn thành có cơ hội học tiếng Quan Thoại nhanh chóng và đạt đến trình độ giao tiếp.\r\n\r\nĐặc trưng:\r\nChương trình học được thiết kế chuyên nghiệp: tối ưu hóa cho người mới bắt đầu và tùy chỉnh cho cấu trúc ngữ pháp tiếng Trung;\r\n■ Đánh giá giọng nói tự động: bắt đầu nói tiếng Trung ngay lập tức;\r\nTương tác giống như trò chơi: các bài học và thử thách được trình bày theo phong cách được đánh đố;\r\n■ Nhiều chế độ luyện tập: các dạng bài tập ban đầu sẽ giúp bạn ghi nhớ thông tin mới và củng cố việc học nhanh hơn so với sách giáo khoa;\r\n■ Các bài học có kích thước nhỏ: được thiết kế để nghiên cứu trong thời gian rời rạc;\r\n■ Cạnh tranh với bạn bè: làm cho việc học tiếng Trung trở nên thú vị và hấp dẫn;\r\n■ Ghi âm HD từ người bản ngữ: mọi câu đều có thể được phát ở tốc độ phát âm chậm và bình thường;\r\n■ Học ngoại tuyến: Không cần kết nối internet sau khi tải xuống;\r\n■ Cả hai kí tự giản thể và phồn thể đều được hỗ trợ;\r\n■ Tùy chọn hiển thị tiếng Trung dưới dạng kí tự hoặc cả hai tùy thích;\r\n■ Đồng bộ hóa tiến độ học tập giữa các thiết bị.\r\n\r\nBạn sẽ học gì?\r\n■ Hơn 150 điểm ngữ pháp\r\n■ 300+ mẫu câu\r\n■ Hơn 1000 từ khóa và cụm từ\r\n■ 1500+ kí tự tiếng Trung cần thiết\r\n', 'ChineseSkill hỗ trợ học tiếng Trung từ 8 ngôn ngữ: TIẾNG ANH, TIẾNG VIỆT, TIẾNG HÀN, NHẬT BẢN, NGA, TIẾNG VIỆT, BỒ ĐÀO NHA VÀ THÁI.\r\n\r\nTải xuống “Học tiếng Trung - ChineseSkill” ngay bây giờ và bắt đầu việc học tiếng Trung ở bất cứ đâu theo tốc độ của riêng bạn!\r\n', 7, 63, '1619771096_LearnChinese.zip'),
(66, 'Từ điển Anh-Việt TFlat', '066', '0', '1619771262_TudienAnhVietTflatICON.png', '1619771262_TudienAnhVietTflat1.jpg', '1619771262_TudienAnhVietTflat2.jpg', '1619771262_TudienAnhVietTflat3.jpg', 'Từ điển Anh Việt Ngoại tuyến và Miễn phí\r\n\r\nBạn có thể tìm kiếm từ vựng mới ở mọi nơi mà không cần bất kỳ kết nối Internet nào.\r\n\r\nTừ điển bao gồm các chức năng chính sau đây.\r\n\r\n♦ Bao gồm phiên âm và phát âm âm thanh.\r\n♦ Chức năng dịch câu, đoạn văn từ tiếng Anh sang tiếng Việt và ngược lại.\r\n♦ Các từ bao gồm từ đồng nghĩa và trái nghĩa.\r\n♦ Từ điển Việt Anh chứa hơn 200.000 từ\r\n♦ Với chức năng nhắc nhở từ vựng hàng ngày bạn có thể học từ vựng dễ dàng hơn.\r\n♦ Giúp bạn học 3000 từ tiếng Anh cơ bản\r\n♦ Cho phép mở nhanh cửa sổ tìm kiếm. Nó hỗ trợ bạn vừa dịch vừa đọc báo tiếng Anh. \r\n', 'Cùng nhau học tốt tiếng Anh với từ điển TFlat!', 7, 64, '1619771262_TudienAnhVietTflat.zip'),
(67, 'Cake - Learn English for Free', '067', '0', '1619771362_CakeICON.png', '1619771362_Cake1.jpg', '1619771362_Cake2.jpeg', '1619771362_Cake3.jpg', 'Các video hội thoại tiếng Anh ngắn vui nhộn được cập nhật mỗi ngày!\r\nHọc tiếng Anh nhanh, hoàn toàn miễn phí.\r\n\r\n\r\nHọc các cách diễn đạt tiếng Anh thực tế được tuyển chọn từ YouTube. Xem các cụm từ tương tự ở một nơi và chỉ dành vài phút mỗi ngày để cải thiện tiếng Anh của bạn!\r\n\r\nNếu bạn muốn cải thiện kỹ năng nói tiếng Anh của mình, không cần tìm đâu xa. Ứng dụng “Cake” của chúng tôi cung cấp các phương pháp nói mô phỏng các cuộc trò chuyện với người bản xứ!\r\n\r\nKiểm tra khả năng phát âm của bạn với nhận dạng giọng nói AI của chúng tôi. Đơn giản chỉ cần ghi âm giọng nói của bạn và nhận phản hồi ngay lập tức. Chẳng bao lâu bạn sẽ học cách phát âm như người bản xứ.\r\n', '100% miễn phí!\r\nỨng dụng \"Cake\" hoàn toàn miễn phí! Chúng tôi cam kết giúp bạn cải thiện trình độ tiếng Anh của mình. Học tiếng Anh với \"Cake\" ngay hôm nay.\r\n', 7, 65, '1619771362_Cake.zip'),
(68, 'Duolingo: Learn Languages Free', '068', '0', '1619771462_DuolingoICON.png', '1619771462_Duolingo1.jpg', '1619771462_Duolingo2.png', '1619771462_Duolingo3.png', 'Học một ngôn ngữ mới với ứng dụng giáo dục được tải xuống nhiều nhất trên thế giới! Duolingo là ứng dụng miễn phí, thú vị để học hơn 35 ngôn ngữ thông qua các bài học nhanh chóng, dễ hiểu. Thực hành nói, đọc, nghe và viết để xây dựng vốn từ vựng và kỹ năng ngữ pháp của bạn.\r\n\r\nĐược thiết kế bởi các chuyên gia ngôn ngữ và được hàng trăm triệu người học trên toàn thế giới yêu thích, Duolingo giúp bạn chuẩn bị cho các cuộc trò chuyện thực tế bằng tiếng Tây Ban Nha, Pháp, Trung Quốc, Ý, Đức, Anh, v.v.\r\n\r\nCho dù bạn đang học ngôn ngữ cho du lịch, trường học, nghề nghiệp, gia đình và bạn bè hay sức khỏe não bộ của bạn, bạn sẽ thích học với Duolingo.\r\n\r\nTại sao Duolingo?\r\n★ Duolingo là thú vị và hiệu quả. Các bài học giống như trò chơi và các nhân vật vui nhộn giúp bạn xây dựng các kỹ năng nói, đọc, nghe và viết vững chắc.\r\n\r\n★ Duolingo hoạt động. Được thiết kế bởi các chuyên gia ngôn ngữ, Duolingo có phương pháp giảng dạy dựa trên khoa học được chứng minh là có thể thúc đẩy khả năng lưu giữ ngôn ngữ lâu dài.\r\n\r\n★ Theo dõi tiến trình của bạn. Hãy hướng tới mục tiêu học ngoại ngữ của bạn với những phần thưởng và thành tích thú vị khi bạn tạo thói quen hàng ngày!\r\n\r\n★ Tham gia cộng đồng. Với hơn 300 triệu người học trên toàn thế giới, bạn là một phần của cộng đồng ngôn ngữ trên Duolingo.\r\n\r\n★ Mọi khóa học ngôn ngữ đều miễn phí. Học tiếng Tây Ban Nha, tiếng Pháp, tiếng Đức, tiếng Ý, tiếng Nga, tiếng Bồ Đào Nha, tiếng Thổ Nhĩ Kỳ, tiếng Hà Lan, tiếng Ailen, tiếng Đan Mạch, tiếng Thụy Điển, tiếng Ukraina, tiếng Esperanto, tiếng Ba Lan, tiếng Hy Lạp, tiếng Hungary, tiếng Na Uy, tiếng Do Thái, tiếng Wales, tiếng Ả Rập, tiếng Latinh, tiếng Hawaii, tiếng Gaelic Scotland, tiếng Việt, Tiếng Hàn, tiếng Nhật, tiếng Anh, và thậm chí cả High Valyrian!\r\n\r\nThế giới đang nói gì về Duolingo⭐️⭐️⭐️⭐️⭐️:\r\n\r\nLựa chọn của biên tập viên \"Tốt nhất trong số những điều tốt nhất\" —Google Play\r\n\r\n“Xa và xa là ứng dụng học ngôn ngữ tốt nhất.” —Tạp chí Phố Wall\r\n\r\n“Trang web về ứng dụng miễn phí này là một trong những phương pháp học ngoại ngữ hiệu quả nhất mà tôi đã thử… các bài học dưới dạng các thử thách ngắn - nói, dịch, trả lời các câu hỏi trắc nghiệm - khiến tôi quay lại để học thêm.” —Thời báo New York\r\n\r\n\"Duolingo có thể nắm giữ bí mật cho tương lai của giáo dục.\" - Tạp chí thời gian\r\n\r\n“... Duolingo vui vẻ, sảng khoái và vui vẻ…” - Forbes\r\n', 'Nếu bạn thích Duolingo, hãy dùng thử Duolingo Plus trong 7 ngày miễn phí! Học một ngôn ngữ nhanh chóng mà không có quảng cáo và nhận các đặc quyền thú vị như Mastery Quiz để đo lường mức độ bạn đã học và các khóa học có thể tải xuống để học mọi lúc mọi nơi!', 7, 66, '1619771462_Duolingo.zip'),
(69, 'Học Tốt - Giải Bài Tập Offline', '069', '0', '1619771557_HocTotICON.jpg', '1619771557_HocTot1.jpg', '1619771557_HocTot2.jpg', '1619771557_HocTot3.jpg', 'Học Tốt - Giải bài tập, Giải toán, Soạn Văn, Văn Mẫu, Để học tốt tiếng anh Offline. Sách giáo khoa, sách bài tập, sách nâng cao các môn Toán, Vật Lý, Hoá Học, Sinh Học, Ngữ Văn, Lịch Sử, Địa Lý, Tin Học.\r\n\r\nHỌC TỐT tổng hợp tìm tắt lý thuyết sách giáo khoa, hướng dẫn giải chi tiết các bài tập. Được biên soạn bởi đội ngũ giáo viên giàu kinh nghiệm, tổng hợp các lời giải hay, các bài văn được điểm cao, là tài liệu hữu ích dành cho giáo viên, phụ huynh và các em học sinh có nhu cầu tham khảo, đối chiếu lời giải chính xác, giúp nâng cao kết quả học tập.\r\n\r\nSách gồm đầy đủ các môn trong chương trình, và đầy đủ các lớp: lớp 1, lớp 2, lớp 3, lớp 4, lớp 5, lớp 6, lớp 7, lớp 8, lớp 9, lớp 10, lớp 11, lớp 12\r\n\r\nSách tổng hợp đầy đủ các môn phổ thông, giải bài tập toán, giải bài tập tiếng anh, soạn văn, soạn địa lý, soạn công nghệ, tập làm văn. Các sách nâng cao, sách bài tập, sách thí điểm mới.\r\n\r\nHỌC TỐT trình bày các môn các lớp một cách khoa học, hệ thống, dễ dàng tìm kiếm, tra cứu, lưu lại lần sau\r\n\r\nHỌC TỐT - Ứng dụng Giải Toán, Soạn Văn Offline Miễn phí tốt nhất hiện nay.\r\n', 'LƯU Ý: SáCH DÙNG ĐỂ THAM KHẢO, HỌC SINH PHẢI TỰ LÀM BÀI TẬP TRƯỚC KHI XEM LỜI GIẢI\r\n', 7, 67, '1619771557_HocTot.zip'),
(70, 'Reading Academy!', '070', '0', '1619771678_ReadingAcademyICON.png', '1619771678_ReadingAcademy1.jpg', '1619771678_ReadingAcademy2.jpg', '1619771678_ReadingAcademy3.jpg', 'Học viện trẻ em dành cho những đứa trẻ siêu đẳng!  Làm quen với cách truy tìm các chữ cái và học cách đọc! Hãy thử trò chơi mầm non của chúng tôi dành cho trẻ em! Có thể dạy một đứa trẻ đọc một cách thú vị, lôi cuốn và hấp dẫn!\r\n\r\n\r\nCác trò chơi dành cho trẻ em này được phân nhóm theo các chủ đề:\r\n\r\n SuperAlphabet. Bảng chữ cái cho trẻ em giúp trẻ học các âm thanh tương ứng với từng chữ cái. Trẻ em học đọc với bong bóng súng, sơn ma thuật, trốn tìm vui nhộn. Trò chơi ABC cho trẻ mới biết đi sẽ cho phép con bạn học bảng chữ cái. 100 + trò chơi đọc mẫu giáo nhiều cấp độ.\r\n\r\n Ngữ âm. Trong khi chơi với ngữ âm cho trẻ em, con bạn sẽ học cách kết hợp các chữ cái thành âm tiết và các từ đơn giản. Trò chơi mầm non cho trẻ em này sẽ tạo điều kiện thuận lợi cho quá trình học tập rèn luyện abc cho chính tả và viết. Quá trình học tập thính giác để đọc sẽ giúp chúng nhận ra các mẫu lặp đi lặp lại trong từ.\r\n\r\n Super AdWords. Con bạn sẽ học cách ghép các chữ cái thành từ và học đọc các trò chơi dành cho trẻ 2 tuổi và viết trong các trò chơi đánh vần của chúng tôi. Trò chơi cho trẻ em sẽ giúp con bạn ghi nhớ tên của tất cả các chữ cái cũng như âm thanh mà chúng tạo ra.\r\n\r\n SuperNumbers. Trò chơi bảng chữ cái cho trẻ mới biết đi này sẽ giúp con bạn học số vô đếm số cho trẻ mới biết đi một cách dễ dàng. Chơi các trò chơi số siêu thú vị dành cho trẻ mới biết đi của chúng tôi.\r\n\r\n SuperSong về bảng chữ cái là một bài hát hoạt hình vui nhộn mà bạn có thể hát cùng con mình. Bài hát này sẽ mang lại cho bạn nhiều niềm vui vẻ cũng sẽ giúp con bạn nhớ các chữ cái trong bảng chữ cái. Học bảng chữ cái trong trò chơi đánh vần tiếng Anh cho trẻ em.\r\n\r\n Học viện siêu đọc cò:\r\n\r\n❤️Super abc trò chơi trẻ mới biết đi!\r\n?Trò chơi giáo dục trẻ em giải trí siêu thú vị!\r\nSuper số trò chơi cho trẻ mới biết đi!\r\nỨng dụng đọc Super!\r\n?Trò chơi toán học siêu mẫu giáo!\r\n?Trò chơi trẻ em siêu thú vị!\r\nGiúp phát triển các kỹ năng vận động tốt!\r\nChỉ có một phần nội dung có sẵn trong phiên bản miễn của ứng dụng. Để có quyền truy cập vào phiên bản đầy đủ, bạn sẽ cần thực hiện mua hàng tích hợp sẵn.\r\n', 'Về BINI BAMBINI:\r\nNhững trò chơi giáo dục dành cho trẻ em này đã được tạo ra bởi Bini Bambini, một công ty phần mềm phát triển các trò chơi học tập dành cho lứa tuổi mẫu giáo. Với chúng tôi, trẻ em học bảng chữ cái cho trẻ em, chữ cái, số và ngữ âm, học đọc và viết. Trẻ em được tiếp xúc để học cách đọc và học số đếm cho trẻ mới biết đi thông qua việc xây dựng các câu đố và làm toán đơn giản. Với tư cách là một công ty, chúng tôi cố gắng làm cho các trò chơi bảng chữ cái dành cho trẻ mới biết đi trở nên thiết thực, khơi dậy khát vọng hiểu biết, hứng thú đọc, truy tìm các chữ cái và học tập.\r\n', 7, 68, '1619771678_ReadingAcademy.zip'),
(71, 'EA SPORTS UFC', '071', '0', '1619771794_EASPORTSUFCICON.jpg', '1619771794_EASPORTSUFC1.jpg', '1619771794_EASPORTSUFC2.jpg', '1619771794_EASPORTSUFC3.jpg', 'Bước vào Octagon® với EA SPORTS ™ UFC® dành cho điện thoại di động! Thu thập các võ sĩ UFC yêu thích của bạn, nằm xuống trong trận chiến cạnh tranh và kiếm phần thưởng trong trò chơi bằng cách chơi các sự kiện trực tiếp gắn liền với thế giới thực của UFC.\r\n\r\nỨng dụng này cung cấp mua hàng trong ứng dụng. Bạn có thể tắt tính năng mua trong ứng dụng bằng cách sử dụng cài đặt thiết bị của mình.\r\n\r\nCẢM NHẬN CUỘC CHIẾN\r\nEA SPORTS UFC mang cường độ MMA đến tận tầm tay bạn hơn bao giờ hết. Hình ảnh chất lượng HD, điều khiển cảm ứng trực quan và lối chơi hành động đáng gía tạo ra trải nghiệm chiến đấu độc đáo cho cả người mới và người hâm mộ chiến đấu kỳ cựu.\r\n\r\nĐÀO TẠO NGƯỜI CHIẾN ĐẤU TỐI ƯU CỦA BẠN\r\nChọn từ hơn 70 máy bay chiến đấu trong bốn bộ phận và bắt đầu cuộc hành trình của bạn đến đỉnh cao. Từ một cô hạ gục Cain Velasquez đến cô đấm Siêu nhân của Georges St-Pierre, mỗi vận động viên tự hào có một loạt các bước di chuyển đặc biệt. Chiến thắng trong các trận đấu, mở khóa đối thủ mới, kiếm tiền và tăng cấp khả năng - tất cả trong khi xây dựng di sản UFC của bạn. Chiến đấu thông qua sự nghiệp của bạn và đầu tư vào đào tạo để xem khả năng của bạn tăng vọt.\r\n\r\nPHÁT SỰ KIỆN TRỰC TIẾP, KIẾM PHẦN THƯỞNG ĐỘC QUYỀN\r\nChơi một số trận đấu trong thế giới thực lớn nhất của UFC thông qua Sự kiện trực tiếp trong trò chơi. Chơi bài đối không cho các sự kiện sắp tới của UFC và kiếm phần thưởng trong trò chơi độc quyền. Bạn càng chơi nhiều, bạn càng kiếm được nhiều phần thưởng! Tăng lên đầu bảng xếp hạng và xem phần thưởng của bạn tăng lên.\r\n\r\nCHIẾN ĐẤU CÁCH CỦA BẠN ĐẾN GLORY\r\nLeo lên các cấp bậc và trau dồi các kỹ năng nổi bật, đấu vật và phục tùng của bạn trên đường đi. Không có mạng sống hoặc giới hạn về số tiền bạn có thể chơi, luôn có một cuộc chiến khác sắp diễn ra. Xem cách bạn so tài với những người giỏi nhất trong bộ phận của mình và kiếm phần thưởng trong trò chơi để thống trị các biểu tượng UFC trong các trận đấu mệt mỏi của Sự kiện chính. Cuộc chiến giành vinh quang UFC của bạn bắt đầu ngay bây giờ.\r\n\r\nVào Octagon và cảm nhận cuộc chiến!\r\n', 'Thông tin Người tiêu dùng Quan trọng. Ứng dụng này: Yêu cầu kết nối Internet liên tục (có thể áp dụng phí mạng). Yêu cầu chấp nhận Chính sách quyền riêng tư & cookie và Thỏa thuận người dùng của EA. Bao gồm quảng cáo trong trò chơi. Chứa các liên kết trực tiếp đến Internet và các trang mạng xã hội dành cho khán giả trên 13 tuổi.', 8, 69, '1619771794_EASPORTSUFC.zip');
INSERT INTO `tbl_sanpham` (`thutu`, `ten_sanpham`, `ma_sanpham`, `gia_sanpham`, `hinhanh`, `hinh_1`, `hinh_2`, `hinh_3`, `mota`, `thongtin`, `danhmuc`, `nhaphattrien`, `download`) VALUES
(72, 'Real Cricket 20', '072', '0', '1619771946_RealCricket20ICON.jpg', '1619771946_RealCricket201.jpg', '1619771946_RealCricket202.jpg', '1619771946_RealCricket203.jpg', 'Chào mừng bạn đến với trải nghiệm Cricket đích thực, hoàn chỉnh và siêu thực - Real Cricket ™ 20.\r\nChúng tôi cố gắng cung cấp trải nghiệm tiếp thị phong phú cho những người yêu thích màn cricket.\r\n\r\nSANJAY MANJREKAR\r\nTiếng Anh, tiếng Hindi và nhiều gói bình luận khác.\r\n\r\nCHẾ ĐỘ THỬ THÁCH\r\nHãy trở thành một phần của các Trận chiến Sử thi từ Lịch sử Cricket và kết thúc các cuộc rượt đuổi ... CÁCH CỦA BẠN.\r\n\r\nĐƯỜNG ĐẾN WORLD CUP & ĐƯỜNG ĐẾN RCPL\r\nTua lại trải nghiệm cuối cùng! Sống lại và tạo ra những kỷ niệm của riêng bạn bằng cách chơi tất cả các Phiên bản ODI World Cup & RCPL.\r\n\r\nĐA THỜI GIAN THỰC - LỚN HƠN VÀ TỐT HƠN\r\n1P vs 1P - Chơi nhiều người chơi 1 vs 1 cổ điển của chúng tôi với các đội được xếp hạng và không được xếp hạng của bạn.\r\n2P vs 2P - Lập nhóm và chơi với bạn bè của bạn.\r\nCO-OP - Lập nhóm với bạn của bạn và thách thức AI.\r\nSPECTATE - Phát trực tiếp các trận đấu trực tiếp của bạn bè bạn ở bất kỳ chế độ Nhiều người chơi.\r\n\r\nĐIỂM NỔI BẬT\r\nLưu và chia sẻ những điểm nổi bật của trận đấu gay cấn với bạn bè của bạn.\r\n\r\nBÌNH LUẬN NỮ\r\nThưởng thức Cricket Thực sự với Bình luận Nữ & nhiều gói kết hợp khác.\r\n\r\nTRÒ CHƠI ĐỔI MỚI\r\nLần đầu tiên, hãy cảm nhận sự khác biệt giữa các loại gậy đánh bóng khác nhau và phong cách chơi của họ với Các loại đánh bóng - Phòng thủ, Cân bằng, Cấp tốc và Vũ bạo, mỗi loại đều có những đỉnh cricket và mức độ hung hăn độc đáo của họ khiến nó trở thành một Trò chơi Cricket trực quan.\r\n\r\nHÃY CHỌN THỜI ĐIỂM ƯU ĐÃI CỦA BẠN TRONG NGÀY!\r\nChọn giữa các thời gian Sáng, Chiều, Tối, Hoàng hôn và Ban đêm của chúng tôi và trải nghiệm các thời gian trong ngày khác nhau khi trận đấu diễn ra.\r\n\r\nULTRAEDGE - SNICKOMETER VÀ HOTSPOT\r\nXem lại lệnh gọi trọng tài cho các cạnh và LBW với công nghệ cải tiến nhất của hệ thống đánh giá siêu cạnh bao gồm cả Hotspot cũng như Snicko-meter.\r\n\r\n\r\nTIÊU ĐIỂM ĐÍCH THỰC\r\nTrải nghiệm các sân vận động trực tiếp chân thực nhất bao gồm Mumbai, Pune, Cape Town, Melbourne, London, Dubai, Wellington và Kolkata. Mỗi sân vận động mang đến cảm giác độc đáo và đảm bảo mang đến trải nghiệm khác biệt so với sân vận động khác.\r\n\r\nTẤT CẢ CHUYÊN NGHIỆP MÃI\r\nChơi từ con mắt của người đánh bóng và cảm nhận cảm giác hồi hộp của quả bóng đang hướng về phía bạn ở tốc độ 90 MPH. Hãy tự rèn luyện sức khỏe và thể hiện sự thần kinh trong những thời khắc quan trọng!\r\n\r\nDU LỊCH\r\nReal Cricket ™ 20 có rất nhiều Giải đấu để bạn lựa chọn và chơi, bao gồm World Cup 2019, World Test Championship, Asia Cup, Champions Cup, Master Cup, World Cup dưới 19 tuổi và các giải Ngoại hạng trên toàn thế giới.\r\n\r\nREAL CRICKET PREMIER LEAGUE - ĐẤU GIÁ NGƯỜI CHƠI\r\nTrò chơi cricket di động duy nhất trên thế giới cho phép người dùng tham gia Đấu giá RCPL để xây dựng đội bóng của riêng họ và tranh chiếc cúp được tham muốn nhất trong lịch sử Premier League!\r\n\r\nTRẬN ĐẤU THỬ NGHIỆM\r\nHình thức Cricket dài nhất và thuần khiết nhất hiện có sẵn cho bạn trong Real Cricket ™ 20 với Điều kiện trận đấu và lối chơi chân thực cùng với các tùy chọn Bình luận và Thiết lập trường mới cóng với Cricket Thử nghiệm Bóng hồng mang đến cho bạn trải nghiệm siêu thực khi chơi Thử nghiệm Cricket dưới đèn với Bóng hồng.\r\n\r\nMÔ PHỎNG VÀ TỐT NHẤT\r\nHãy cố gắng vượt qua những khoảnh khắc khó khăn. Đánh sâu con không còn một miếng bánh nào nữa.\r\n\r\nMẶT BẰNG NGƯỜI CHƠI & JERSEYS ĐỘC ĐÁO\r\nNhận những khuôn mặt cầu thủ độc đáo, áo đội tuyển đẹp mắt với số ở mặt sau!\r\n\r\nỨng dụng này cung cấp mua hàng trong ứng dụng.\r\n', 'Để mang lại trải nghiệm tốt nhất, chúng tôi sẽ cần một số quyền từ người dùng của mình:\r\n\r\nWRITE_EXTERNAL_STORAGE và READ_EXTERNAL_STORAGE: Chúng tôi cần các quyền này để lưu vào bộ nhớ cache và đọc nội dung trò chơi trong khi chơi trò chơi.\r\n\r\nREAD_PHONE_STATE: Chúng tôi cần sự cho phép này để gửi cho bạn các thông báo liên quan về các bản cập nhật và ưu điểi khác nhau.\r\n\r\nACCESS_FINE_LOCATION: Chúng tôi cần quyền này để phát hiện vị trí của bạn để cung cấp nội dung theo khu vực cụ thể cũng như phân tích nhu cầu và phản hồi của khu vực của bạn tốt hơn.\r\n', 8, 70, '1619771946_RealCricket20.zip'),
(73, 'EA SPORTS™ FIFA 21', '073', '0', '1619772037_EASPORTSFIFA21ICON.jpg', '1619772037_EASPORTSFIFA211.png', '1619772037_EASPORTSFIFA212.png', '1619772037_EASPORTSFIFA213.jpg', 'Ứng dụng này yêu cầu bạn phải có Tài khoản EA, FIFA 21 (được bán riêng) trên PlayStation®4, Xbox One, PC và FIFA Ultimate Team ™ Club.\r\nXây dựng câu lạc bộ mơ ước của bạn cho dù bạn ở đâu trên thế giới với Ứng dụng đồng hành FIFA EA SPORTS chính thức.\r\nMỚI CHO FUT 21 - FUT STADIUM TÙY CHỈNH\r\nTừ nhạc dạo cho đến lễ kỷ niệm bàn thắng, pháo hoa cho đến Tifos, hãy thay đổi mọi khía cạnh theo sở thích của bạn và để phô trương thành tích của bạn. Quản lí mọi khía cạnh của Sân vận động FUT của bạn khi đang di chuyển trực tiếp trong Ứng dụng Đồng hành.\r\n\r\nMÃI ĐẾN 21 FUT - SỰ KIỆN\r\nCạnh tranh hoặc cộng tác trong các Sự kiện FUT hoàn toàn mới để nhận phần thưởng cho Câu lạc bộ của bạn và Cộng đồng FUT rộng lớn hơn. Chọn một bản trực tiếp trong Ứng dụng đồng hành và cạnh tranh với Cộng đồng FUT trong các Sự kiện nhóm mới. Hoặc cộng tác với tư cách là một tập thể toàn cầu trong Sự kiện cộng đồng và theo dõi tiến trình XP của cộng đồng khi di chuyển.\r\n\r\nNHẬN KHEN THƯỞNG\r\nNhận phần thưởng cho sự tiến bộ của bạn trong Weekend League, Division Rivals, và Squad Battles và FUT Events mà không cần phải đăng nhập vào bảng điều khiển của bạn. Đổi Điểm FUT Champions của bạn trực tiếp từ Ứng dụng để không bao giờ bỏ lỡ cơ hội tham gia Giải đấu cuối tuần.\r\n\r\nTHỊ TRƯỜNG CHUYỂN KHOẢN\r\nMua và bán Người chơi với Cộng đồng FUT toàn cầu trong Thị trường chuyển nhượng để giúp đưa nhóm của bạn lên một tầm cao mới.\r\n\r\nTHÁCH THỨC XÂY DỰNG SQUAD\r\nTrao đổi Người chơi dự phòng trong Câu lạc bộ của bạn để mở khóa Người chơi, Gói hoặc Vật phẩm Câu lạc bộ mới với Thử thách xây dựng đội (SBC).\r\n\r\nCÁCH BẮT ĐẦU\r\nĐể kết nối tài khoản của bạn, hãy đăng nhập vào FIFA 21 trên bảng điều khiển hoặc PC của bạn. Sau đó:\r\no Chuyển đến chế độ FIFA Ultimate Team và tạo FUT Club của bạn\r\no Tạo Câu hỏi và Câu trả lời về Bảo mật FUT trên Bảng điều khiển hoặc PC của bạn\r\no Đăng nhập vào Tài khoản EA của bạn từ Ứng dụng Đồng hành FIFA 21 trên thiết bị di động tương thích của bạn\r\nỨng dụng này có sẵn bằng tiếng Anh, Pháp, Ý, Đức, Tây Ban Nha, Hà Lan, Brazil-Bồ Đào Nha, Nga, Thổ Nhĩ Kỳ, Ba Lan, Ả Rập, Mexico-Tây Ban Nha, Hàn Quốc, Nhật Bản, Trung Quốc phồn thể và giản thể, Đan Mạch, Thụy Điển, Bồ Đào Nha và Séc .\r\n\r\nThông tin Người tiêu dùng Quan trọng: Ứng dụng này yêu cầu chấp nhận Chính sách quyền riêng tư & Cookie & Thỏa thuận người dùng của EA; yêu cầu kết nối Internet liên tục (có thể áp dụng phí mạng); yêu cầu FIFA 21 (bản riêng) & FUT Club cho Xbox One, PS4 & PC & Tài khoản EA để chơi; giới hạn độ tuổi được áp dụng, xem http://o.ea.com/ea/child-access để biết chi tiết; thu thập dữ liệu thông qua công nghệ phân tích của bên thứ ba (xem Chính sách quyền riêng tư & cookie để biết thêm chi tiết); & chứa các liên kết trực tiếp đến Internet.\r\n', 'Thỏa thuận người dùng: http://terms.ea.com\r\nChính sách Bảo mật & Cookie: http://privacy.ea.com\r\nTruy cập http://help.ea.com để được hỗ trợ hoặc giải đáp thắc mắc.\r\n\r\nEA có thể gỡ bỏ các tính năng trực tuyến sau 30 ngày thông báo được đăng trên ea.com/service-updates.\r\n', 8, 69, '1619772037_EASPORTSFIFA21.zip'),
(74, '8 Ball Pool', '074', '0', '1619772237_8BallPoolICON.jpg', '1619772237_8BallPool1.jpeg', '1619772237_8BallPool3.jpg', '1619772237_8BallPool4.png', '• Trò chơi Bi-a số 1 thế giới - hiện có trên Android! •\r\n\r\nChơi với bạn bè! Chơi với Huyền thoại. Chơi trò chơi Miniclip 8 Ball Pool đình đám trên điện thoại di động của bạn và trở thành người giỏi nhất!\r\n\r\nCẠNH TRANH 1 TRÊN 1 HOẶC TRONG 8 CHUYẾN DU LỊCH CỦA NGƯỜI CHƠI\r\n\r\nHoàn thiện kỹ năng của bạn trong đấu trường luyện tập, tham gia vào thế giới trong các trận đấu 1 chọi 1 hoặc tham gia các giải đấu để giành danh hiệu và các tín hiệu độc quyền!\r\n\r\nCHƠI ĐỂ KIẾM TIỀN HỒ BƠI VÀ CÁC MẶT HÀNG ĐỘC QUYỀN\r\n\r\nTùy chỉnh gợi ý và bảng của bạn! Trong mỗi trận đấu 1 chọi 1 cạnh tranh mà bạn chơi, sẽ có Tiền xu chung được đặt cược - giành chiến thắng trong trận đấu và Tiền xu là của bạn. Bạn có thể sử dụng những thứ này để tham gia các trận đấu xếp hạng cao hơn với số tiền cược lớn hơn hoặc để mua các vật phẩm mới trong Cửa hàng hồ bơi.\r\n\r\nTHÁCH THỨC BẠN BÈ CỦA BẠN\r\n\r\nChơi với bạn bè thật dễ dàng: đăng nhập bằng tài khoản Miniclip hoặc Facebook của bạn và bạn sẽ có thể thách đấu với bạn bè của mình ngay từ trò chơi. Thách thức bạn bè mọi lúc, mọi nơi và thể hiện kỹ năng của bạn.\r\n\r\nLÊN CẤP\r\n\r\nHệ thống cấp độ của 8 Ball Pool có nghĩa là bạn luôn phải đối mặt với thử thách. Chơi các trận đấu để tăng thứ hạng của bạn và có quyền truy cập vào các địa điểm thi đấu độc quyền hơn, nơi bạn chỉ đấu với những người chơi Bi-a giỏi nhất.\r\n', '--Tải xuống Pool bằng Miniclip NGAY BÂY GIỜ! -\r\n* Trò chơi này yêu cầu kết nối internet.\r\n\r\nChơi trên web tại miniclip.com/pool\r\n\r\nĐừng bỏ lỡ những tin tức mới nhất\r\n', 8, 71, '1619772237_8BallPool.zip'),
(75, 'NBA 2K20', '075', '0', '1619772375_NBA2K20ICON.jpg', '1619772375_NBA2K201.jpg', '1619772375_NBA2K202.jpg', '1619772375_NBA2K203.jpg', 'Thực hiện hành động 2K cổ điển khi đang di chuyển với NBA 2K20 dành cho thiết bị di động, có 5 câu chuyện NBA mới, cốt truyện MyCAREER mới và chế độ Run The Streets hoàn toàn mới! Từ bóng rổ 5 đấu 5 với các đội NBA vĩ đại hiện tại hoặc mọi thời đại đến bóng đường phố trong Blacktop, NBA 2K20 có nhiều chế độ chơi cho tất cả người chơi.\r\n\r\nĐặc trưng:\r\nTẤT CẢ MỚI CHẠY CHẾ ĐỘ ĐƯỜNG PHỐ\r\nLần đầu tiên trong bất kỳ trò chơi NBA 2K nào, hãy đưa MyPLAYER của bạn đi khắp thế giới trong một loạt các cuộc thi bang đường phố 3 đấu 3. Bắt đầu một chuỗi sôi nổi và tiếp quản trò chơi với các khả năng và thuộc tính được cải thiện đáng kể. Cạnh tranh với những người chơi khác để giành một vị trí trên Bảng xếp hạng hoặc xem bạn có thể vượt qua Giải vô địch bao xa.\r\n\r\nCÂU CHUYỆN NBA TRỞ LẠI\r\nTrải nghiệm lịch sử của một số cầu thủ và đội bóng nổi tiếng nhất NBA với 5 Câu chuyện NBA mới để chơi qua.\r\n\r\nCÂU CHUYỆN MỚI VỀ SỰ NGHIỆP CỦA TEI\r\nXây dựng MyPLAYER của bạn và tiếp tục hành trình của bạn từ đại học đến NBA. Bạn sẽ có những gì cần thiết để giành được vị trí của mình trong số những cầu thủ vĩ đại mọi thời đại của NBA?\r\n\r\nHỘI\r\nKiểm soát một nhóm với tư cách là GM. Quản lí danh sách, trinh sát và soạn thảo lớp tân binh sắp đến, xử lí ngân sách và hơn thế nữa!\r\n\r\nNHIỀU NGƯỜI\r\nViệc tìm kiếm đối thủ trở nên dễ dàng và nhanh chóng hơn bao giờ hết với tính năng Kết hợp nhanh mới. Kết nối với những người chơi khác thông qua mạng LAN hoặc Google Play Trò chơi để chơi các trận đấu 5 đấu 5 hoặc trò chơi Blacktop.\r\n', 'SOUNDTRACK 2K BEATS M?I\r\nNhạc nền mới sẽ đồng hành cùng bạn trong hành trình đến đỉnh NBA, bao gồm các bài hát của Drake, Diplo, T-Pain, v.v.\r\n', 8, 72, '1619772375_NBA2K20.zip'),
(76, 'Dream League Soccer 2021', '076', '0', '1619772473_DreamLeagueSoccer2021ICON.jpg', '1619772473_DreamLeagueSoccer20211.jpg', '1619772473_DreamLeagueSoccer20212.jpg', '1619772473_DreamLeagueSoccer20213.jpg', 'Dream League Soccer 2021 đưa bạn vào trung tâm của hành động với giao diện mới mẻ và các tính năng hoàn toàn mới! Xây dựng đội bóng trong mơ của bạn từ hơn 4.000 cầu thủ được cấp phép FIFPro ™ và tham gia đấu trường với các câu lạc bộ bóng đá tốt nhất thế giới! Vượt lên qua 8 bộ phận trong khi tận hưởng các chuyển động của người chơi được ghi lại chuyển động 3D đầy đủ, bình luận trong trò chơi nhập vai, tùy chỉnh nhóm và hơn thế nữa. Trò chơi đẹp chưa bao giờ hay đến thế!\r\n\r\nXÂY DỰNG ĐỘI NGŨ GIẤC MƠ CỦA BẠN\r\nHãy kí hợp đồng với những cầu thủ siêu sao hàng đầu như Kevin De Bruyne & Roberto Firmino để tạo ra Đội hình trong mơ của riêng bạn! Hoàn thiện phong cách của bạn, phát triển cầu thủ của bạn và tiếp nhận bất kỳ đội nào cản đường bạn khi bạn vượt lên trên các cấp bậc. Nâng cấp sân vận động của bạn với cơ sở vật chất đẳng cấp thế giới khi bạn tìm đường đến Đội huyền thoại. bạn có những gì nó cần?\r\n\r\nTRÒ CHƠI MỚI VÀ CẢI TIẾN\r\nTrải nghiệm Dream League Soccer tốt nhất đang chờ đợi với hành ảnh động mới và AI cải tiến, chúng tôi đã cách mạng hóa trải nghiệm bóng đá hấp dẫn nhất trên thiết bị di động. Dream League Soccer 2021 là gói bóng đá hoàn hảo, một gói thể hiện tinh thần thực sự của trò chơi đẹp mắt.\r\n\r\nVẬY ĐỂ THÀNH CÔNG\r\nTận mắt chiêm ngưỡng trải nghiệm Dream League Soccer đẹp nhất từ trước đến nay! Tùy chỉnh người quản lí của bạn từ một loạt các tùy chọn khác nhau bao gồm kiểu tóc và trang phục. Cùng với công cụ đồ họa mới và cải tiến của chúng tôi, nhằm trong mơ của bạn chưa bao giờ đẹp đến thế này!\r\n\r\nCHINH PHỤC THẾ GIỚI\r\nDream League Live đặt câu lạc bộ của bạn chống lại những người giỏi nhất trên thế giới. Làm việc theo cách của bạn thông qua các cấp bậc để chứng minh nhóm của bạn là lớn nhất và cạnh tranh trong Bảng xếp hạng và Sự kiện toàn cầu để giành giải thưởng độc quyền!\r\n', 'ĐẶC TRƯNG\r\n• Xây dựng và phát triển đội mơ ước của bạn từ hơn 4.000 người chơi được cấp phép FIFPro ™\r\n• Các cú đá, cú tắc bóng, ăn mừng và cứu thua của thủ môn được ghi lại hoàn toàn 3D mang lại độ chân thực chưa từng có\r\n• Đạt đến trạng thái huyền thoại khi bạn vượt qua 8 giải đấu và cạnh tranh trong hơn 10 giải đấu cấp\r\n• Xây dựng đế chế bóng đá của bạn từ Sân vận động của riêng bạn đến các cơ sở Y tế, Thương mại và Đào tạo\r\n• Tuyển dụng đại là về hướng đạo sinh để giúp xác định tài năng hàng đầu trong thị trường chuyển nhượng\r\n• Bình luận trận đấu hấp dẫn và sống động giúp bạn luôn chú ý đến hành động\r\n• Sử dụng Huấn luyện viên để phát triển khả năng kỹ thuật và thể chất cho cầu thủ của bạn\r\n• Tùy chỉnh bộ dụng cụ và biểu trưng của nhóm bạn hoặc nhập các tác phẩm của riêng bạn\r\n• Tham gia các mùa và sự kiện thường xuyên để giành được những phần thưởng vô song\r\n• Cạnh tranh với những người chơi từ khắp nơi trên thế giới với Dream League Live\r\n• Nhạc nền độc quyền gồm Câu lạc bộ video Retro, Chỉ có những nhà thơ, Halo Sol và hơn thế nữa\r\n', 8, 73, '1619772473_DreamLeagueSoccer2021.zip'),
(77, 'Ace Fishing: Wild Catch', '077', '0', '1619772569_AceFishingWildCatchICON.jpg', '1619772569_AceFishingWildCatch1.png', '1619772569_AceFishingWildCatch2.jpg', '1619772569_AceFishingWildCatch3.jpg', 'Hành trình đến những điểm đến đẹp nhất thế giới và câu cá thật ở thiên đường!\r\n\r\nBước vào màu xanh thiên đường và trải nghiệm cuộc phiêu lưu câu cá 3D cuối cùng!\r\nKhông biết gì về câu cá? Không sao đâu! Bạn sẽ có thể bắt được Blue Pointer chỉ với một cái chạm!\r\nTải ngay Ace Fishing để đi du lịch khắp nơi trên thế giới và câu cá tại những điểm câu cá nổi tiếng nhất!\r\n\r\n1. Câu cá dễ dàng\r\n- Bắt đầu câu cá với điều khiển một chạm đơn giản!\r\n- Ai nói câu cá là nhàm chán? Chỉ 3 giây là tất cả những gì cần thiết trước những pha hành động thật tim!\r\n- Hoàn thành hướng dẫn và thực hành trong Phòng thực hành để thành thạo các kỹ năng và thậm chí nhận phần thưởng!\r\n\r\n2. Đồ họa 3D Jaw-drop\r\n- Tương tác với các sản phẩm bắt để có thể bay ra khỏi màn hình của bạn giống như thật!\r\n- Vật lí câu cá được tái tạo hoàn hảo có nghĩa là bạn sẽ có thể cảm nhận được sự phấn khích của việc câu cá trong tầm tay của mình!\r\n\r\n3. Nó không nhận được bất kỳ thực hơn thế này!\r\n- Cần câu cá có thể tùy chỉnh với dây câu cá độ dài và độ căng khác nhau!\r\n- Bám chắc vào đó- đánh cá qua các cuộc đấu tranh hoành tráng!\r\n- Các chuyển động và đặc điểm của cá được ghi lại với độ chân thực tuyệt đẹp!\r\n- Cơ chế phức tạp được thực hiện dễ dàng để mang lại trải nghiệm câu cá thực tế nhất cho trò chơi di động!\r\n\r\n4. Du lịch thế giới\r\n- Từ Vịnh Hanauma đến sông Amazon, và Trung Quốc! Không có nơi nào là vượt quá giới hạn!\r\n- Hàng trăm loài cá kỳ lạ có nguồn gốc từ các khu vực khác nhau! Hãy mạo hiểm qua toàn bộ bản đồ để bắt tất cả chúng!\r\n\r\n5. Bảng xếp hạng toàn cầu\r\n- Cuốn theo con cá lớn nhất và phá vỡ kỷ lục! Cạnh tranh trong các giải đấu câu cá được tổ chức theo giờ và đối đầu với những người dùng từ khắp nơi trên thế giới!\r\n- Chuẩn bị mồi cho cá mục tiêu thông qua Hệ thống chế tạo thu hút để xếp hạng cao hơn!\r\n- Hồ sơ của bạn được lưu tự động mỗi khi bạn câu cá, vì vậy bạn có thể nhắm đến việc phá vỡ chúng!\r\n\r\n6. Nhiều hơn để thưởng thức!\r\n- Trang bị Phụ kiện trên thanh của bạn để có thêm sức mạnh! Sử dụng Bột ngọc trai để tăng sức mạnh cho Phụ kiện của bạn!\r\n- Sử dụng Chế độ Sốt đặc biệt! Chế độ Sốt sẽ tăng chỉ số của bạn lớn TỐI ĐA để bạn có thể bắt được con cá mà bạn hằng mơ ước!\r\n\r\n7. Suỵt! Đó là...!\r\n- Xếp hạng Liên minh đặc biệt để thể hiện kỹ năng của bạn sắp ra mắt!\r\n\r\n* Thông báo quyền truy cập cho trò chơi\r\n· LƯU TRỮ: Cần có quyền để lưu trữ dữ liệu trò chơi và sẽ không truy cập vào các tệp có nhân như ảnh.\r\n· ĐIỆN THOẠI: Cần có quyền để tiến hành các sự kiện và phần thưởng trong trò chơi và sẽ không ảnh hưởng đến các cuộc gọi.\r\n· LIÊN HỆ: Cần có quyền để đồng bộ hóa danh sách bạn bè và Tài khoản Google của bạn.\r\n', 'Bạn sẽ có thể tận hưởng dịch vụ ngoại trừ các tính năng liên quan đến các cơ quan trên ngay cả khi bạn không cho phép những điều trên.\r\n\r\n* Hỗ trợ ngôn ngữ: Tiếng Anh, Deutsch, fran?ais, 한국?, 日本?, 中文 简体, 中文 繁體, Bahasa Indonesia, Tiếng Việt và ไทย!\r\n', 8, 74, '1619772569_AceFishingWildCatch.zip'),
(78, 'Golf Rival', '078', '0', '1619772664_GolfRivalICON.jpg', '1619772664_GolfRival1.jpg', '1619772664_GolfRival2.jpg', '1619772664_GolfRival3.jpg', 'Chào mừng bạn đến với trò chơi miễn phí hoàn toàn mới và hấp dẫn —— Golf Rival, một trò chơi gần trực tuyến nhiều người chơi. Một cuộc thi 1v1 THỜI GIAN THỰC và thiết bị chơi gần thực tế chuyên nghiệp sẽ giúp bạn tận dụng tối đa khả năng chơi gần phi thường của mình. Ngoài ra, đồ họa đẹp mắt và khung cảnh phong phú sẽ mang đến cho bạn trải nghiệm chơi game nhập vai. Chỉ cần TẢI XUỐNG ngay bây giờ và chơi với mọi người từ khắp nơi trên thế giới!\r\n\r\nDễ dàng bắt đầu và chơi, một trò chơi hoàn hảo cho người chơi thông thường\r\n- Hướng dẫn chi tiết được cung cấp cho tất cả người mới bắt đầu!\r\n- Chơi đơn giản: chỉ cần vuốt ngắn tay của bạn và thả ra để xoay câu lạc bộ của bạn!\r\n- Thiết bị nhắm chính xác có thể giúp bạn nhắm và bắn một cách hoàn hảo!\r\n\r\nChơi ở chế độ thời gian thực và giải đấu\r\n- Hàng ngàn người chơi gần trực tuyến tích cực tràn khắp thế giới!\r\n- Đấu với các đối thủ một cách nhanh chóng và thi đấu với những người chơi gần giỏi nhất trên khắp thế giới bất cứ lúc nào!\r\n- Hệ thống giải đấu mới được thêm vào có thể thực hiện tham vọng trở thành nhà vô địch golf của bạn!\r\n- Tìm và thách thức những người chơi gần giỏi nhất trong danh sách xếp hạng Liên đoàn và Toàn cầu!\r\n\r\nKiểm tra khả năng của bạn và kiếm phần thưởng chơi gần\r\n- Các khóa học đa dạng đáp ứng nhu cầu của người chơi ở các cấp độ khác nhau!\r\n- Chiến thắng trò chơi để nhận rương làm phần thưởng để nâng cấp gậy và bang chơi gần của bạn!\r\n- Mở khóa và chơi các giai đoạn của các sân gần để cải thiện kỹ năng chơi gần của bạn!\r\n\r\nTrải nghiệm mượt mà và đắm chìm\r\n- Đồ họa cao cấp ngoạn mục và hoạt động mượt mà mang đến cho bạn trải nghiệm tốt nhất!\r\n- Các khóa học năng động với nhiều lựa chọn về phong cách cảnh sẽ đáp ứng tất cả các sở thích đặc biệt của bạn!\r\n- Hiệu ứng hình ảnh và âm thanh nhập vai tuyệt vời giúp bạn đắm chìm trong trò chơi!\r\n\r\nMột kẻ giết thời gian thú vị và hòa đồng\r\n- Mời bạn bè trên Facebook của bạn tham gia trò chơi gần gây nghiện này!\r\n- Nhận quà từ bạn bè của bạn bằng cách chơi với hoặc chống lại họ!\r\n- Tải lên và chia sẻ hồ sơ cá nhân của bạn với những người chơi Golf Rival khác trên toàn cầu!\r\n', 'TẢI XUỐNG và BẮT ĐẦU chơi Golf Rival với những người chơi trên toàn thế giới! Tham gia trò chơi thú vị này, giành chiến thắng trong cuộc đụng độ và trở thành bậc thầy của trò chơi gần! Nhiều điều bất ngờ đang chờ bạn khám phá!', 8, 75, '1619772664_GolfRival.zip'),
(79, 'True Skate', '079', '0', '1619772809_TrueSkateICON.jpg', '1619772809_TrueSkate1.jpg', '1619772809_TrueSkate2.jpg', '1619772809_TrueSkate3.jpg', 'Trò chơi di động Street League Skateboarding chính thức.\r\n\r\nSim trượt ván cuối cùng.\r\n\r\nLưu ý: True Skate chỉ đi kèm với một công viên trượt băng duy nhất và chứa nội dung bổ sung chỉ có sẵn khi mua trong ứng dụng. Xem bên dưới.\r\n\r\nĐặc trưng:\r\n- Vật lí dựa trên cảm ứng thực tế mang lại trải nghiệm trượt ván đích thực.\r\n- Độ màn boong. Kết thúc Bộ bài của bạn.\r\n- Kéo ngón tay của bạn trên mặt đất để đẩy.\r\n- Một công viên trượt băng tuyệt đẹp để bạn lạc vào bao gồm các gờ, cầu thang, đường ray cộng với một cái bot, một nửa ống và một phần tư ống. (Các công viên trượt băng bổ sung có sẵn dưới dạng Mua hàng trong ứng dụng)\r\n- Chuyển động chậm.\r\n- Tua lại\r\n- Những thách thức của người dùng\r\n- Tránh xem lại\r\n- Bảng xếp hạng toàn cầu.\r\n\r\nChỉ có sẵn bởi MUA TRONG ỨNG DỤNG:\r\n- Các địa điểm và công viên trượt băng bổ sung.\r\n- Các khóa học trượt ván Street League.\r\n', 'MUA HÀNG TRONG ỨNG DỤNG tùy chọn: (Nội dung tương tự cũng có sẵn miễn phí bằng cách chi tiêu True Credit kiếm được bằng cách thực hiện các thủ thuật và hoàn thành nhiệm vụ)\r\n- Mở khóa tất cả các nhiệm vụ.\r\n- Chuyển động chậm không giới hạn.\r\n- Thay đổi hình ảnh bảng không giới hạn.\r\n- Đổi màu bánh xe không giới hạn.\r\n- Mở khóa danh sách\r\n- Mở khóa các gói Skateboard.\r\n', 8, 76, '1619772809_TrueSkate.zip'),
(80, 'Ultimate Tennis', '080', '0', '1619772924_UltimateTennisICON.jpg', '1619772924_UltimateTennis1.jpg', '1619772924_UltimateTennis2.png', '1619772924_UltimateTennis3.jpg', 'Ultimate Tennis là trò chơi thể thao di động hoàn chỉnh nhất từ trước đến nay! Tận hưởng lối chơi ly kỳ, đồ họa đẹp mắt và nhiều pha hành động!\r\n\r\nUltimate Tennis cung cấp cho bạn phiên bản tinh chỉnh của lối chơi quần vợt vuốt ngón tay quen thuộc kết hợp với yếu tố chi tiết mang đến cho bạn các tùy chọn gần như không giới hạn để cải thiện và tùy chỉnh (cốc) nhân vật của mình. Để mang đến trải nghiệm hành động nhiều hơn, các quy tắc quần vợt đã được điều chỉnh một chút, dẫn đến lối chơi có nhịp độ nhanh và các trận đấu ngắn hơn nhưng thú vị hơn nhiều!\r\n\r\nTrên hết, trò chơi cung cấp đồ họa và hành ảnh tuyệt vời để mang đến cho bạn một trong những trải nghiệm quần vợt trực quan thực tế nhất cho đến nay.\r\n\r\n- Trải nghiệm các chế độ chơi khác nhau, chẳng hạn như World Tour, League và Online.\r\n- Làm chủ tới bốn chiêu thức đặc biệt khúc nhau để gây bất ngờ cho đối thủ của bạn.\r\n- Chơi với nhiều người chơi khác nhau, cả nam và nữ, mỗi người có phong cách chơi độc đáo của riêng mình.\r\n- Thách thức bạn bè của bạn hoặc đối mặt với những người chơi ngẫu nhiên trong thời gian thực.\r\n- Thưởng thức đồ họa ch?n thực nhất được thấy trong một trò chơi quần vợt trên điện thoại di động cho đến nay.\r\n- Tinh chỉnh và tùy chỉnh thiết bị và kỹ năng của người chơi của bạn đến từng chi tiết nhỏ nhất.\r\n- Chơi trò chơi bằng một hoặc hai tay điều khiển.\r\n\r\nĐối mặt với AI hoặc đối thủ là con người và đánh bại họ bằng cách sử dụng các điều khiển tự nhiên của trò chơi và một loạt các kỹ năng đặc biệt.\r\nTập hợp một đội gồm những người chơi khác nhau và đánh bại những đối thủ ngày càng khó để nhận được những phần thưởng giá trị. Sử dụng Vàng và Xu để mua và nâng cấp vật phẩm, đồng thời sử dụng điểm để cải thiện kỹ năng và khả năng của nhân vật của bạn.\r\n', 'Trải nghiệm trò chơi quần vợt nhập vai và hoàn chỉnh nhất trên thế giới và tải xuống Ultimate Tennis ngay bây giờ!\r\n\r\nNếu bạn thích Bóng bàn, Bóng đá (Soccer), bóng rổ, bóng chày, cầu lông, bóng chuyền thì trò chơi thể thao này là tốt nhất.\r\n', 8, 77, '1619772924_UltimateTennis.zip'),
(81, 'Zamface', '081', '0', '1619773145_ZamfaceICON.png', '1619773145_Zamface1.png', '1619773145_Zamface2.jpg', '1619773145_Zamface3.jpg', 'Trải nghiệm cách học trang điểm và đánh giá mỹ phẩm mới với đầy đủ các video tuyển chọn!\r\n\r\n01. Khớp khuôn mặt\r\nvới ảnh tự chụp của bạn, Zamface AI có thể tìm thấy những youtuber trông giống bạn nhất.\r\n\r\n02. Lớp học làm đẹp\r\nChọn một chương mà bạn quan tâm! Chúng tôi đã chuẩn bị các video cần thiết cho người mới bắt đầu Trang điểm! Nhận các mẹo để trang điểm đẹp hơn!\r\n\r\n03. Bước nhảy thời gian\r\nBạn có thể kiểm tra mỹ phẩm được sử dụng trong video và chỉ cần chạm vào phần bạn muốn xem!\r\n\r\n04. Đánh giá màu sắc\r\nBạn có thể kiểm tra đánh giá về sản phẩm mong muốn được sử dụng trong video và thậm chí xem xét màu có sẵn thông qua các tùy chọn màu sắc.\r\n\r\n05. Thẻ quan tâm\r\nChọn thẻ sở thách và bạn sẽ nhận được video đề xuất hàng ngày!\r\n', 'Ứng dụng phải có cho tất cả những người yêu thích trang điểm làm đẹp!', 9, 78, '1619773145_Zamface.zip'),
(82, 'Hanbok Korean Wedding Dress', '082', '0', '1619773243_HanbokKoreanWeddingDressICON.png', '1619773243_HanbokKoreanWeddingDress1.jpg', '1619773243_HanbokKoreanWeddingDress2.png', '1619773243_HanbokKoreanWeddingDress3.jpg', 'Hanbok là gì? Đối với những ai thích hàn quốc chắc hẳn không còn xa lạ gì với những bộ quần áo của hàng này. Hanbok đề cập đến kiểu trang phục của triều đại joseon thường được sử dụng chính thức hoặc bàn trang trọng trong các lễ kỷ niệm hoặc lễ hội truyền thống. Dành cho những bạn thích hanbok nhưng không đủ tiền để mua và chỉ để chụp ảnh. Đừng lo lắng về ứng dụng áo cưới Hàn Quốc Hanbok. Ứng dụng áo cưới Hàn Quốc Hanbok là một ứng dụng tạo / chỉnh sửa ảnh với khung khuôn mặt với ứng dụng này, ảnh của bạn sẽ được cắt và sau đó dán nó với khung quần áo hanbok có trong ứng dụng này. Vì vậy, bạn không cần phải mua quần áo hanbok chỉ để chụp ảnh. Với ứng dụng này, bạn sẽ nhận được ảnh sử dụng quần áo hanbok miễn phí. Cách sử dụng ứng dụng này rất dễ dàng:\r\n1. Tải xuống và cài đặt ứng dụng áo cưới Hàn Quốc Hanbok trên Android của bạn\r\nMở ứng dụng áo cưới Hàn Quốc Hanbok đã được cài đặt sẵn\r\n3. Chạm vào nút chỉnh sửa để bắt đầu\r\n4. Chọn khung để sử dụng\r\n5. Đặt ảnh của bạn sau đó cắt khuôn mặt\r\n6. Định vị mặt cắt của bạn trên vàng mặt của khung\r\n7. Để thiết lập có thể sử dụng hai ngón tay\r\n8. Kết quả từ các chỉnh sửa bạn có thể lưu, chia sẻ hoặc đặt làm trên phương tiện truyền thông xã hội của mình\r\n', 'Nó chắc chắn rất thú vị, hãy tải xuống và cài đặt ứng dụng áo cưới Hàn Quốc Hanbok. Đừng quên mời bạn bè của bạn tải về ứng dụng này. Chỉ là mẹo: để có được vị trí phù hợp hoặc kết quả tối đa nên tạo kiểu ảnh của bạn theo phong cách trong khung.', 9, 79, '1619773243_HanbokKoreanWeddingDress.zip'),
(83, 'PicsArt', '083', '0', '1621082865_PicsArtICON.png', '1621082865_PicsArt1.jpg', '1621082865_PicsArt2.jpg', '1621082865_PicsArt3.jpg', ' PicsArt là trình chỉnh sửa ảnh và video tất cả trong một tốt nhất trên thiết bị di động! Thỏa sức sáng tạo của bạn với một trong những ứng dụng phổ biến nhất với hơn 1 tỷ lượt tải xuống cho đến nay. PicsArt cung cấp cho bạn mọi thứ bạn cần để tạo ra các chỉnh sửa tuyệt vời. Phần tốt nhất? Nó miễn phí!\r\n\r\nChỉnh sửa ảnh và video, giải trí với trình tạo nhãn dán & trình tạo ảnh ghép của chúng tôi, vẽ nguệch ngoạc trên ảnh và làm nhiều việc khác. Không cần kinh nghiệm chuyên môn!\r\n\r\nCác tính năng tuyệt vời:\r\n\r\nTRÌNH CHỈNH SỬA ẢNH\r\n• Thử các bộ lọc nâng cho hình ảnh và hiệu ứng hình ảnh hợp thời trang.\r\n• Truy cập công cụ xóa nền ấn tượng: cắt ảnh và xóa nền.\r\n• Loại bỏ các đối tượng và chỉnh sửa ảnh tuyệt vời.\r\n• Sử dụng hàng triệu hình ảnh miễn phí nổi bật hoặc chỉnh sửa hình ảnh của riêng bạn.\r\n• Nói lên suy nghĩ của bạn: thêm văn bản vào ảnh bằng hơn 200 phông chữ thẩm mỹ.\r\n• Có một lớp trang điểm tuyệt đẹp với các công cụ Làm đẹp: công cụ thay đổi màu tóc, miếng dán trang điểm và hơn thế nữa.\r\n• Làm mờ nền ảnh bằng công cụ lựa chọn thông minh.\r\n• Tạo các chỉnh sửa phơi sáng kép đẹp mắt và trộn các lớp ảnh.\r\n• Nhanh chóng lật và cắt ảnh.\r\n\r\nTRÌNH BIÊN TẬP VIDEO\r\n• Chỉnh sửa video hoặc tạo chúng từ đầu bằng cách sử dụng trình tạo video nổi bật với âm nhạc.\r\n• Làm cho những câu chuyện thú vị của bạn trở nên sống động và tạo ra các video TikTok thú vị.\r\n• Thêm nhạc vào video của bạn bằng thư viện các bài hát nổi tiếng.\r\n• Cắt video clip hoặc sử dụng hình vuông vừa vặn để thêm hình nền, sau đó đăng lên IG của bạn để nhận “lượt thích”.\r\n• Sử dụng hiệu ứng video Glitch. Thay đổi ngay lập tức bằng cách thêm các bộ lọc video hợp thời trang.\r\n• Cắt video hoặc sử dụng hợp nhất video thông minh để hợp nhất các video với nhau.\r\n• Chơi xung quanh với trình tạo trình chiếu hình ảnh tuyệt vời với âm nhạc.\r\n• Thêm những khoảnh khắc đẹp nhất của bạn vào ảnh ghép video và sử dụng các tỷ lệ khác nhau.\r\n\r\nNHÀ SẢN XUẤT CẮT DÁN\r\n• Tạo một ảnh ghép tuyệt vời bằng cách sử dụng tất cả các hình ảnh yêu thích của bạn.\r\n• Thử lưới ảnh, cắt dán theo phong cách tự do, sổ lưu niệm và khung cho ảnh.\r\n• Chọn từ một loạt các thiết kế bố cục.\r\n• Đi virus. Tạo meme vui nhộn với trình tạo meme của chúng tôi và chia sẻ với bạn bè.\r\n• Sử dụng trình tạo câu chuyện và nâng cấp trò chơi Instagram của bạn với các mẫu câu chuyện.\r\n\r\nTEM TEM + TEM MIỄN PHÍ\r\n• Khám phá hơn 60+ triệu nhãn dán PicsArt thú vị cho iMessage.\r\n• Thêm hình dán vào ảnh để tăng mức độ thú vị cho các chỉnh sửa.\r\n• Tạo clipart dễ thương của riêng bạn và sử dụng công cụ cắt để tạo nhãn dán tùy chỉnh vui nhộn.\r\n\r\nHIỆU ỨNG HÌNH ẢNH\r\n• Phác thảo ảnh tự chụp với các hiệu ứng Sketch hấp dẫn nhất.\r\n• Biến những bức chân dung thành những kiệt tác nghệ thuật với hiệu ứng Canvas.\r\n• Tạo nghệ thuật nhỏ giọt theo xu hướng. Sử dụng nhãn dán hiệu ứng nhỏ giọt và tùy chỉnh chế độ hòa trộn.\r\n• Tự làm hoạt hình với các hiệu ứng Phép thuật tuyệt vời để biến ảnh thành phim hoạt hình.\r\n• Chơi với Doodle Art thú vị và bắt đầu vẽ nguệch ngoạc trong nhiều giờ.\r\n\r\nCÔNG CỤ VẼ\r\n• Sử dụng PicsArt Draw với các bàn chải, lớp và công cụ vẽ chuyên nghiệp có thể tùy chỉnh thú vị.\r\n• Vẽ nguệch ngoạc lên ảnh bất cứ khi nào bạn cảm thấy buồn chán và có được hiệu ứng quần áo trong suốt.\r\n• Tạo nghệ thuật và hình minh họa từ đầu hoặc chỉ vẽ thứ gì đó đầy cảm hứng để giải trí.\r\n\r\nPHÁT LẠI\r\n• Tạo lại các chỉnh sửa thịnh hành trong một vài lần nhấn. Cắt giảm một nửa thời gian chỉnh sửa với các bước có thể tùy chỉnh dễ dàng.\r\n• Chỉnh sửa nhiều ảnh theo cùng một phong cách. Giữ nguồn cấp dữ liệu Instagram của bạn theo xu hướng và nhất quán bằng cách tạo các cài đặt trước.\r\n', '  PICSART VÀNG\r\n• Đạt vàng! Đăng kí PicsArt’s Gold luôn cấp quyền truy cập vào nội dung MỚI ĐỘC QUYỀN. Tất cả các tính năng hấp dẫn nhất với trải nghiệm chỉnh sửa không có quảng cáo.\r\n---\r\nBắt đầu tư cách thành viên PicsArt Gold của bạn với bản dùng thử miễn phí - giới hạn một lần cho mỗi tài khoản Google Play. Sau khi hết thời gian dùng thử, bạn sẽ bị tính một khoản phí đăng kí không đáng kể. Đăng kí Vàng của bạn sẽ tự động gia hạn trừ khi tắt tính năng tự động gia hạn ít nhất 24 giờ trước khi kết thúc giai đoạn hiện tại. Nếu đăng kí của bạn phải chịu bất kỳ chiết khấu khuyến mại nào, chiết khấu sẽ hết hạn khi kết thúc giai đoạn hiện tại và bạn sẽ bị tính phí theo tỷ lệ chuẩn khi gia hạn. Truy cập tài khoản Google Play của bạn để quản lí tư cách thành viên và tắt tính năng tự động gia hạn. Tài khoản Google Play của bạn sẽ bị tính phí khi giao dịch mua được xác nhận.\r\n', 9, 86, '1621082865_1619773338_PicsArt.zip'),
(84, 'B612', '084', '0', '1619773457_B612ICON.jpg', '1619773457_B6121.png', '1619773457_B6122.jpg', '1619773457_B6123.jpg', 'B612 là ứng dụng chỉnh sửa ảnh vẽ ảnh / video tất cả trong một tốt nhất. Chúng tôi cung cấp nhiều tính năng và công cụ miễn phí khác nhau để biến mọi khoảnh khắc trở nên đặc biệt hơn.\r\nGặp gỡ các hiệu ứng, bộ lọc và nhãn dán hợp thời trang được cập nhật mỗi ngày!\r\n\r\n=== Các tính năng chính ===\r\n\r\n* Tạo bộ lọc của riêng bạn *\r\n- Tạo bộ lọc độc nhất vô nhị và chia sẻ nó với bạn bè\r\n- Không thành vấn đề ngay cả khi đây là lần đầu tiên bạn tạo bộ lọc. Bộ lọc được hoàn thành dễ dàng chỉ với một vài cú chạm.\r\n- Gặp gỡ các bộ lọc sáng tạo và đa dạng của những người tạo B612.\r\n\r\n\r\n* CAMERA thông minh hơn *\r\náp dụng các bộ lọc và tính năng làm đẹp theo thời gian thực để ghi lại mọi khoảnh khắc dưới dạng ảnh của bạn trong ngày.\r\n\r\n- Đừng bỏ lỡ các hiệu ứng AR được cập nhật hàng ngày và các bộ lọc hợp thời trang độc quyền theo mùa\r\n- Làm đẹp thông minh: Nhận đề xuất hoàn hảo cho hình dạng khuôn mặt của bạn và tạo phong cách làm đẹp tùy chỉnh của bạn\r\n- AR Makeup: Tạo vẻ ngoài tự nhiên từ trang điểm hàng ngày đến hợp thời trang. Bạn có thể điều chỉnh cách làm đẹp và trang điểm cho phù hợp với mình.\r\n- Chụp rõ nét mọi lúc, mọi nơi với chế độ độ phân giải cao và chế độ ban đêm.\r\n- Ghi lại khoảnh khắc thú vị với tính năng Gif Bounce. Tạo nét dưới dạng ảnh gif và chia sẻ nó với bạn bè của bạn để nhân đôi niềm vui!\r\n- Từ quay video đến chỉnh sửa hậu kỳ với hơn 500 loại nhạc. Biến cuộc sống hàng ngày của bạn thành một video âm nhạc.\r\n- Bạn có thể sử dụng nguồn âm thanh tùy chỉnh cho âm nhạc bằng cách trích xuất nguồn âm thanh từ video của bạn.\r\n', '* Tính năng chỉnh sửa TẤT CẢ TRONG MỘT CHUYÊN NGHIỆP *\r\nTận hưởng các công cụ cơ bản, chuyên nghiệp miễn phí\r\n\r\n- Nhiều Bộ lọc & Hiệu ứng: Từ phong cách cổ điển đến hiện đại đầy cảm xúc! Tạo bầu không khí mà bạn muốn.\r\n- Chỉnh sửa màu nâng cao: Trải nghiệm chỉnh sửa màu chính xác với các công cụ như đường cong chuyên nghiệp, từng màu tách vẽ HSL làm nổi bật các chi tiết.\r\n- Chỉnh sửa chân dung tự nhiên hơn: Hoàn thành bức ảnh trong ngày của bạn với các hiệu ứng làm đẹp, chỉnh sửa cơ thể và tạo kiểu tóc.\r\n- Chỉnh sửa video: Bất kỳ ai cũng có thể chỉnh sửa video dễ dàng với các hiệu ứng hợp thời trang và nhiều bản nhạc khác nhau.\r\n- Borders and Crop: Đơn giản chỉ cần điều chỉnh kích thước và tỷ lệ và tải nó lên phương tiện truyền thông xã hội.\r\n- Hình dán & nội dung trang trí: Trang trí ảnh của bạn bằng các nhãn dán và văn bản khác nhau! Bạn cũng có thể tạo nhãn dán tùy chỉnh và sử dụng chúng.\r\n\r\n\r\nCông nghệ khuôn mặt của SenseTime\r\n', 9, 81, '1619773457_B612.zip'),
(85, 'SNOW', '085', '0', '1619773570_SNOWICON.png', '1619773570_SNOW1.jpg', '1619773570_SNOW2.jpg', '1619773570_SNOW3.jpg', 'SNOW là một ứng dụng máy ảnh được hơn 200 triệu người trên thế giới sử dụng.\r\n\r\n- Tìm phiên bản yêu thích của chính bạn bằng cách tạo và lưu các hiệu ứng làm đẹp tùy chỉnh.\r\n- Chụp những bức ảnh tự sướng đẹp mắt với các tính năng trang điểm AR sành điệu.\r\n- Khám phá hàng nghìn nhãn dán với các bản cập nhật mỗi ngày.\r\n- Đừng bỏ lỡ các bộ lọc theo mùa độc quyền giúp thêm màu sắc vào cuộc sống hàng ngày của bạn.\r\n- Chỉnh sửa ảnh chuyên nghiệp chỉ với một vài thao tác.\r\n\r\nXem có gì mới trong SNOW\r\n• Facebook chính thức: https://www.facebook.com/snowapp\r\n• Instagram chính thức: https://www.instagram.com/snow.global\r\n• Các câu hỏi về xúc tiến & quan hệ đối tác: dl_snowoperation@snowcorp.com\r\n\r\nCông nghệ khuôn mặt của SenseTime\r\n', 'Chi tiết quyền:\r\n• WRITE_EXTERNAL_STORAGE: Để lưu ảnh\r\n• READ_EXTERNAL_STORAGE: Để tải ảnh\r\n• RECEIVE_SMS: Để tự động nhập mã xác minh nhận được qua SMS\r\n• READ_PHONE_STATE: Để tự động nhập mã quốc gia trong khi đăng kí\r\n• RECORD_AUDIO: Để ghi âm\r\n• GET_ACCOUNTS: Để tự động nhập địa chỉ email trong khi đăng kí\r\n• READ_CONTACTS: Để tìm bạn bè từ danh bạ\r\n• ACCESS_COARSE_LOCATION: Để tải bộ lọc dựa trên vị trí\r\n• CAMERA: Để chụp ảnh hoặc quay video\r\n• SYSTEM_ALERT_WINDOW: Để hiển thị thông báo cảnh báo\r\n', 9, 81, '1619773570_SNOW.zip'),
(86, 'Cat Face Plus', '086', '0', '1619773682_CatFacePlusICON.jpg', '1619773682_CatFacePlus1.jpg', '1619773682_CatFacePlus2.jpg', '1619773682_CatFacePlus3.jpg', 'Để có một bức ảnh đẹp và vui nhộn thật dễ dàng với khuôn mặt mèo của bạn\r\n\r\nCat face plus có đầy đủ các tính năng bạn cần như hiệu ứng, bộ lọc, nhãn dán, cắt và ghép ảnh, còn nhiều tính năng khác đang chờ bạn khám phá. Tất cả đều đơn giản và dễ dàng để tạo nên một bức tranh đẹp.\r\n\r\nMuốn chia sẻ khoảnh khắc vui nhất, đẹp nhất đến mọi người và bạn bè. Cat face plus sẽ giúp bạn thực hiện điều đó.\r\n\r\n*************** Có gì nóng: ************\r\n\r\n★ Giao diện siêu đẹp và dễ sử dụng\r\n★ Dễ dàng tạo một bức ảnh chuyên nghiệp\r\n★ chỉnh sửa ảnh tốt nhất\r\n★ Rất nhiều tiện ích mà bạn có thể khám phá\r\n', '************ Chức năng: ************\r\n\r\n✔ Ghép ảnh: Chờ! Chức năng này làm gì cho bạn? Tạo nhiều hình ảnh như một hình ảnh. Tất cả trong một, dễ dàng lưu lại những khoảnh khắc siêu đẹp.\r\n✔ Nhãn dán: Các chủ đề nhãn dán được cung cấp cho bạn bao gồm mặt mèo, mũ, kính, biểu tượng cảm xúc, tình yêu và hơn thế nữa liên tục được cập nhật.\r\n✔ Khung ảnh: Bạn có thể đưa ảnh của mình vào các khung có sẵn dễ dàng nhất. Có rất nhiều khung ảnh cho bạn lựa chọn, chẳng hạn như tình yêu, sinh nhật, du lịch và nhiều hơn nữa.\r\n✔ Nhắn tin vào hình: Bạn không thể thiếu chức năng này. Nhiều phông chữ, màu sắc cho bạn những phông chữ vừa ý nhất.\r\n✔ Lưu và chia sẻ: Để đến lúc bạn lưu lại khoảnh khắc và chia sẻ với mọi người. Bạn có thể chia sẻ lên các mạng xã hội như facebook, zalo, instagram, ...\r\n', 9, 82, '1619773682_CatFacePlus.zip'),
(87, 'Hairstyle Try On', '087', '0', '1619773789_HairstyleTryOnICON.jpg', '1619773789_HairstyleTryOn1.png', '1619773789_HairstyleTryOn2.jpg', '1619773789_HairstyleTryOn3.jpg', 'Chào mừng bạn đến với Hairstyle Try On - Kiểu tóc và Cắt tóc.\r\nHairstyle Try On cho phép bạn trải nghiệm những diện mạo khác nhau với nhiều kiểu tóc và màu tóc khác nhau.\r\n1.Hairstyle makeover - Thử kiểu tóc\r\nBộ sưu tập các kiểu tóc và màu tóc đẹp.\r\n\r\n2. Trình mô phỏng cắt tóc - Máy ảnh kiểu tóc\r\nTrình mô phỏng cắt tóc có các kiểu khác nhau: Cắt tóc Nam, Nữ, Ngắn, Trung bình, Dài, v.v. Ngay cả khi phong cách sang trọng của influencer.\r\n\r\n3. Nhận dạng khuôn mặt - Theo xu hướng tóc\r\nCông nghệ nhận dạng khuôn mặt thông minh. Tất cả các kiểu tóc được thiết kế phù hợp với mọi khuôn mặt.\r\n\r\n4. máy đổi màu tóc - Gian hàng màu tóc\r\nNó cũng là một gian hàng màu tóc với đủ loại màu tóc lạnh như vàng, nâu, đỏ, nâu, xám, si cô la, nâu vàng, vv để tô điểm cho vẻ đẹp của bạn!\r\n', 'Tải xuống Kiểu tóc Thử ngay bây giờ và trang trí ảnh của bạn với những kiểu tóc tuyệt vời của chúng tôi!', 9, 83, '1619773789_HairstyleTryOn.zip'),
(88, 'Làm đẹp - Chăm sóc da', '088', '0', '1619774069_LamDepICON.jpg', '1619774069_LamDep1.jpg', '1619774069_LamDep2.jpg', '1619774069_LamDep3.jpg', 'Cách để có làn da đẹp. Hướng dẫn trang điểm tự nhiên. Các kiểu tóc đẹp dành cho bạn. Ăn mặc đẹp mỗi ngày. Luyện tập để có một vóc dáng đẹp\r\nTất cả đều có trong ứng dụng dành riêng cho phái đẹp.\r\nVới 5 chủ đề làm đẹp bao gồm\r\nDa đẹp\r\n- Hướng dẫn các phương pháp tại nhà giúp bạn có làn da đẹp, loại bỏ da đen sạm, mụn, phòng chống lão hóa da một cách đơn giản\r\nTrang điểm đẹp:\r\n- Cách trang điểm đẹp hợp thời trang và xu hướng mới nhất giúp chị em thêm xinh đẹp, tự tin trong mắt mọi người.\r\nTóc đẹp:\r\n- Chia sẻ các kiểu tóc đẹp, xu hướng tóc mới nhất. Hướng dẫn chăm sóc tóc bị hư yếu, khô xơ, gãy rụng.\r\nMặc đẹp:\r\n- Cập nhật các phong cách thời trang. Ăn mặc phong cách và nổi bật không hề khó khăn nếu các nàng nắm được những cách mặc đẹp đơn giản và phù hợp với nhất\r\nDáng đẹp:\r\n- Hướng dẫn ăn uống giảm cân khoa học. Các bài tập luyện bụng, mông giúp bạn có một vóc dáng tuyệt vời. Cải thiện vóc dáng đẹp eo thon. Chia sẻ bài tập, chế độ dinh dưỡng hàng ngày để giữ dáng.\r\n', 'Giúp bạn theo dõi quá trình làm đẹp theo từng ngày. Càng ứng dụng này giúp bạn làm đẹp toàn diện nhất.\r\nLà một ứng dụng không thể thiếu cho phái đẹp!\r\n', 9, 85, '1619774069_LamDep.zip'),
(89, 'Hair Color Changer', '089', '0', '1619774319_HairColorChangerICON.png', '1619774319_HairColorChanger1.png', '1619774319_HairColorChanger3.png', '1619774319_HairColorChanger2.jpg', ' Bạn đang mơ về một mái tóc màu mới? Thay đổi màu tóc DỄ DÀNG!\r\n CHÀO MỪNG bạn đến với Hair Color Changer - Trò chơi thay đổi màu tóc tự động MÃI!\r\n? Tạo một bức ảnh tuyệt vời với màu tóc chuyên nghiệp, thử kiểu tóc mới!\r\n? Hãy thử trình chỉnh sửa ảnh nhuộm tóc tuyệt vời dành cho các bạn gái và bạn trai thay đổi màu tóc tự động!\r\n Tạo mẫu tóc mới của bạn chỉ bằng một cú nhấp chuột với trình chỉnh sửa ảnh Hair Color Changer của chúng tôi!\r\n? Rất nhiều màu tóc từ màu tự nhiên đến màu nhuộm sáng và màu nhuộm tóc hồng, các màu tóc xanh!\r\n? Tự động thay đổi màu tóc trên ảnh trong 1 giây MIỄN PHÍ!\r\n\r\n Trò chơi ảnh Hair Color Changer giúp bạn:\r\n\r\n thay đổi màu tóc trên ảnh của bạn bằng một lần nhấn!\r\n tự động thay đổi màu tóc thời gian thực!\r\n thử rất nhiều màu kiểu tóc trên ảnh!\r\n thêm tóc hồng hoặc xanh vào ảnh !!\r\n lưu và chia sẻ ảnh của bạn với màu kiểu tóc mới!\r\n\r\n Hair Color Changer được thiết kế đặc biệt dành cho bạn:\r\n\r\n Hãy thử màu tóc vĩnh viễn, màu nhuộm vàng, màu tóc nâu hoặc màu nhuộm tóc tự nhiên!\r\n Thử nghiệm màu tóc đỏ, tóc xanh, tóc hồng.\r\n Chúng tôi có màu tóc cho nam và nữ, nhiều ý tưởng màu tóc tuyệt vời!\r\n\r\n Tải xuống trò chơi ảnh Hair Color Changer ngay bây giờ hoàn toàn MIỄN PHÍ!\r\n Thay đổi màu tóc tự động trong realrime và tạo bức ảnh kiểu tóc chuyên nghiệp đầu tiên của bạn!\r\n', 'Cùng nhau trải nghiệm app độc đáo này nhé!', 9, 86, '1619774319_HairColorChanger.zip');

-- --------------------------------------------------------

--
-- Cấu trúc bảng cho bảng `tbl_taomathe`
--

CREATE TABLE `tbl_taomathe` (
  `ma_the` varchar(100) COLLATE utf8mb4_unicode_ci NOT NULL,
  `sotien` int(11) NOT NULL
) ENGINE=InnoDB DEFAULT CHARSET=utf8mb4 COLLATE=utf8mb4_unicode_ci;

--
-- Đang đổ dữ liệu cho bảng `tbl_taomathe`
--

INSERT INTO `tbl_taomathe` (`ma_the`, `sotien`) VALUES
('4055976853921285', 10000),
('6091866438972015', 20000),
('8209742628973706', 10000),
('852291476203607', 10000);

-- --------------------------------------------------------

--
-- Cấu trúc bảng cho bảng `tbl_thongke`
--

CREATE TABLE `tbl_thongke` (
  `ten_sanpham` varchar(100) COLLATE utf8mb4_unicode_ci NOT NULL,
  `rating_tb` float NOT NULL,
  `solan_download` int(11) NOT NULL,
  `thutu` int(11) NOT NULL
) ENGINE=InnoDB DEFAULT CHARSET=utf8mb4 COLLATE=utf8mb4_unicode_ci;

--
-- Đang đổ dữ liệu cho bảng `tbl_thongke`
--

INSERT INTO `tbl_thongke` (`ten_sanpham`, `rating_tb`, `solan_download`, `thutu`) VALUES
('Sudoku', 5, 0, 1),
('Wood Block Puzzle', 4.2, 0, 2),
('Math | Riddles and Puzzles Maths Games', 4, 0, 3),
('Brain Out – Game hack não', 3.3333, 0, 4),
('2048', 4.3462, 6, 5),
('How to Loot - Pin Pull & Hero Rescue', 0, 0, 6),
('Difference Find King', 0, 0, 7),
('Relax Jigsaw Puzzles', 0, 0, 8),
('Mazes & More', 0, 0, 9),
('Flow Free', 0, 0, 10),
('Hill Climb Racing', 5, 5, 11),
('Asphalt 8 Racing Game - Drive', 0, 0, 12),
('Rally Fury - Extreme Racing', 0, 0, 13),
('Car Run Racing', 0, 0, 14),
('Moto X3M Bike Race Game', 0, 0, 15),
('Traffic Rider', 0, 0, 16),
('Type Spin', 0, 0, 17),
('Xtreme Motorbikes', 0, 0, 18),
('Happy Guts Racing and Wheels Glory', 0, 0, 19),
('Fun Race 3D', 0, 0, 20),
('Earn to Die', 0, 0, 21),
('Garena Liên Quân Mobile', 4.4615, 5, 22),
('Minecraft', 5, 0, 23),
('Among Us', 3.8333, 0, 24),
('Hitman Sniper', 0, 0, 25),
('League of Stickman Free', 0, 0, 26),
('Fruit Ninja', 0, 0, 27),
('Gangstar Vegas', 0, 0, 28),
('The Walking Zombie II', 0, 0, 29),
('Bomber Friends', 0, 0, 30),
('Zalo – Chia sẽ yêu thương', 0, 1, 31),
('Messenger', 4.3333, 2, 32),
('Discord - Talk, Video Chat', 0, 0, 33),
('Facebook', 0, 0, 34),
('Instagram', 0, 0, 35),
('Twitter', 0, 0, 36),
('Zenly - Your map, your people', 0, 0, 37),
('BIGO LIVE –Live Stream, Live Chat, Go Live', 0, 0, 38),
('Hago', 0, 0, 39),
('Tinder', 0, 0, 40),
('MangaToon', 0, 0, 41),
('Comico - Đọc Truyện Tranh', 0, 5, 42),
('Weeboo', 0, 0, 43),
('Anime 247', 0, 0, 44),
('Monster Dinosaur Rampage', 0, 5, 45),
('WEBTOON', 0, 0, 46),
('TruyenQQ Pro', 0, 0, 47),
('Truyện tranh Offline', 0, 0, 48),
('Comi', 0, 0, 49),
('Truyện Tranh Tiếng Việt Tổng Hợp', 0, 0, 50),
('Tiến Lên Miền Nam', 0, 0, 51),
('UNO!', 0, 0, 52),
('Ba Cây Poker', 0, 0, 53),
('Titans Clash', 0, 0, 54),
('Clash of Deity', 0, 0, 55),
('Huyền Thoại Runeterra', 0, 0, 56),
('Pirates Outlaws', 0, 0, 57),
('Three Kingdoms', 0, 0, 58),
('Hearthstone', 0, 0, 59),
('Altru Park', 0, 0, 60),
('Babilala: English For Kids', 0, 0, 61),
('U-Dictionary', 0, 0, 62),
('Solvee', 0, 0, 63),
('VietJack', 0, 0, 64),
('Learn Chinese', 0, 0, 65),
('Từ điển Anh-Việt TFlat', 0, 0, 66),
('Cake - Learn English for Free', 0, 0, 67),
('Duolingo: Learn Languages Free', 0, 0, 68),
('Học Tốt - Giải Bài Tập Offline', 0, 0, 69),
('Reading Academy!', 0, 0, 70),
('EA SPORTS UFC', 0, 0, 71),
('Real Cricket 20', 0, 0, 72),
('EA SPORTS™ FIFA 21', 0, 0, 73),
('8 Ball Pool', 0, 0, 74),
('NBA 2K20', 0, 0, 75),
('Dream League Soccer 2021', 0, 0, 76),
('Ace Fishing: Wild Catch', 0, 0, 77),
('Golf Rival', 0, 0, 78),
('True Skate', 0, 0, 79),
('Ultimate Tennis', 0, 0, 80),
('Zamface', 0, 0, 81),
('Hanbok Korean Wedding Dress', 0, 0, 82),
('PicsArt', 0, 0, 83),
('B612', 0, 0, 84),
('SNOW', 0, 0, 85),
('Cat Face Plus', 0, 0, 86),
('Hairstyle Try On', 0, 0, 87),
('Làm đẹp - Chăm sóc da', 0, 0, 88),
('Hair Color Changer', 0, 0, 89);

--
-- Chỉ mục cho các bảng đã đổ
--

--
-- Chỉ mục cho bảng `tbl_taomathe`
--
ALTER TABLE `tbl_taomathe`
  ADD PRIMARY KEY (`ma_the`);
COMMIT;

/*!40101 SET CHARACTER_SET_CLIENT=@OLD_CHARACTER_SET_CLIENT */;
/*!40101 SET CHARACTER_SET_RESULTS=@OLD_CHARACTER_SET_RESULTS */;
/*!40101 SET COLLATION_CONNECTION=@OLD_COLLATION_CONNECTION */;
